AccX,AccY,AccZ,SampleRate
2.4938805103302,2.975667953491211,3.0031747817993164,0.01
3.5589048862457275,4.186400890350342,2.551259994506836,0.02
4.036925315856934,5.300168037414551,1.306981086730957,0.03
3.8583388328552246,5.737419605255127,-0.3585076332092285,0.04
2.8909926414489746,5.595084190368652,-1.941321849822998,0.05
1.299687385559082,5.465628147125244,-3.025949478149414,0.060000000000000005
0.1929914951324463,5.157340049743652,-3.668484687805176,0.07
-0.5642845630645752,4.482124328613281,-4.491848945617676,0.08
-1.220076560974121,3.5063462257385254,-5.261977195739746,0.09
-1.5459694862365723,2.389756202697754,-6.0692949295043945,0.09999999999999999
-1.7566821575164795,1.8017158508300781,-6.225823879241943,0.10999999999999999
-2.4006857872009277,2.3140931129455566,-5.786632537841797,0.11999999999999998
-3.0957396030426025,4.096495151519775,-6.144388198852539,0.12999999999999998
-3.969545602798462,7.618985176086426,-5.88678503036499,0.13999999999999999
-4.764711380004883,12.47389030456543,-3.235982894897461,0.15
-3.6632680892944336,16.737533569335938,-0.1626896858215332,0.16
-3.4638516902923584,12.855329513549805,-2.9104461669921875,0.17
-1.9570231437683105,6.083551406860352,-5.63353157043457,0.18000000000000002
-1.558990240097046,2.2061586380004883,-7.504971504211426,0.19000000000000003
-1.9350545406341553,-1.253140926361084,-8.87407112121582,0.20000000000000004
-2.1229238510131836,-3.871260404586792,-9.27911376953125,0.21000000000000005
-1.6037980318069458,-4.445699691772461,-9.446172714233398,0.22000000000000006
-1.0109102725982666,-3.5585620403289795,-10.141164779663086,0.23000000000000007
-0.5463954210281372,-1.4637250900268555,-10.640645980834961,0.24000000000000007
-1.1026113033294678,0.20998573303222656,-10.80215072631836,0.25000000000000006
-2.4953930377960205,2.084740161895752,-10.31286334991455,0.26000000000000006
-2.964909553527832,4.275663375854492,-9.552617073059082,0.2700000000000001
-2.6912765502929688,5.845736503601074,-8.625364303588867,0.2800000000000001
-2.423358678817749,6.3706231117248535,-7.729610443115234,0.2900000000000001
-1.6947165727615356,6.200089454650879,-5.912418842315674,0.3000000000000001
-0.5592138767242432,5.80332612991333,-3.8258779048919678,0.3100000000000001
0.6227402687072754,4.997878551483154,-2.257735252380371,0.3200000000000001
1.7162492275238037,3.615255832672119,-1.397630214691162,0.3300000000000001
2.1108908653259277,1.7101802825927734,-1.1146130561828613,0.34000000000000014
0.6746940612792969,0.023293495178222656,-1.37583589553833,0.35000000000000014
-0.604377031326294,-0.7345080375671387,-2.493312120437622,0.36000000000000015
-0.5332887172698975,-0.603515625,-3.8661396503448486,0.37000000000000016
-0.020793437957763672,0.13466930389404297,-6.216710567474365,0.38000000000000017
0.4015641212463379,1.083763599395752,-8.328948974609375,0.3900000000000002
0.7133463621139526,1.6526031494140625,-9.102679252624512,0.4000000000000002
0.7650145292282104,1.673957347869873,-8.8440580368042,0.4100000000000002
0.5145683288574219,1.145263671875,-7.576173782348633,0.4200000000000002
0.12938010692596436,0.7172756195068359,-6.6310648918151855,0.4300000000000002
-0.1107252836227417,0.21592473983764648,-6.048000335693359,0.4400000000000002
-0.2434931993484497,-0.19156217575073242,-5.649938106536865,0.45000000000000023
-0.01760578155517578,-0.5186018943786621,-5.055123329162598,0.46000000000000024
0.3474571704864502,-0.6353569030761719,-4.159951686859131,0.47000000000000025
0.33474814891815186,-0.23497962951660156,-3.242964744567871,0.48000000000000026
-0.005447983741760254,0.4564485549926758,-2.9816105365753174,0.49000000000000027
-0.36061322689056396,0.8308916091918945,-3.2919764518737793,0.5000000000000002
-0.5540839433670044,0.8999109268188477,-3.7311019897460938,0.5100000000000002
-0.5908499956130981,0.730504035949707,-3.856973886489868,0.5200000000000002
-0.6439502239227295,0.5032463073730469,-3.4079060554504395,0.5300000000000002
-0.7419853210449219,0.2767467498779297,-2.680933713912964,0.5400000000000003
-0.6154417991638184,-0.017393112182617188,-2.085240602493286,0.5500000000000003
-0.03124415874481201,-0.3044919967651367,-1.596336841583252,0.5600000000000003
0.6235424280166626,-0.2252511978149414,-1.3400788307189941,0.5700000000000003
1.3054957389831543,0.36139774322509766,-1.5809111595153809,0.5800000000000003
1.6201581954956055,1.2096405029296875,-2.276484966278076,0.5900000000000003
1.6472114324569702,2.076620101928711,-3.3629486560821533,0.6000000000000003
1.5410925149917603,2.3788394927978516,-4.046062469482422,0.6100000000000003
1.4960176944732666,2.128750801086426,-4.313432216644287,0.6200000000000003
1.1628533601760864,1.7318353652954102,-4.115071773529053,0.6300000000000003
1.0366404056549072,1.2690038681030273,-3.7937793731689453,0.6400000000000003
1.4404444694519043,0.6262674331665039,-3.3679940700531006,0.6500000000000004
2.0242080688476562,-0.014719963073730469,-2.9890048503875732,0.6600000000000004
2.446631669998169,-0.4461231231689453,-2.547879219055176,0.6700000000000004
2.4846529960632324,-0.4707794189453125,-2.460297107696533,0.6800000000000004
2.3291282653808594,0.3168449401855469,-2.3826327323913574,0.6900000000000004
0.814145565032959,2.7641468048095703,-2.4306371212005615,0.7000000000000004
0.09822595119476318,4.469062805175781,-3.3005614280700684,0.7100000000000004
0.049820899963378906,5.406009674072266,-5.026950359344482,0.7200000000000004
0.3846231698989868,5.764962196350098,-6.0875091552734375,0.7300000000000004
0.5008578300476074,6.298674583435059,-6.221941947937012,0.7400000000000004
0.2911417484283447,6.776453971862793,-5.6939263343811035,0.7500000000000004
-0.6256511211395264,7.530880928039551,-4.342862129211426,0.7600000000000005
-1.8248704671859741,8.105895042419434,-3.252289056777954,0.7700000000000005
-2.65017032623291,7.844239234924316,-3.201131820678711,0.7800000000000005
-2.752248764038086,7.171079635620117,-3.559404134750366,0.7900000000000005
-2.4677019119262695,6.103105545043945,-3.8835742473602295,0.8000000000000005
-2.240093231201172,4.815099716186523,-4.447456359863281,0.8100000000000005
-2.377199172973633,3.8655920028686523,-5.009077072143555,0.8200000000000005
-2.7610816955566406,3.0949535369873047,-5.439313888549805,0.8300000000000005
-3.2073729038238525,2.4526491165161133,-5.724953651428223,0.8400000000000005
-3.582643985748291,1.955784797668457,-5.978817462921143,0.8500000000000005
-3.76863169670105,1.2526073455810547,-5.8173322677612305,0.8600000000000005
-4.065598487854004,0.5807991027832031,-5.590456485748291,0.8700000000000006
-3.5900046825408936,-0.4285564422607422,-5.047929286956787,0.8800000000000006
-2.0711112022399902,-1.37196683883667,-4.055622577667236,0.8900000000000006
-0.9095126986503601,-1.905477523803711,-3.230416774749756,0.9000000000000006
-0.627154529094696,-1.7513055801391602,-3.3716132640838623,0.9100000000000006
-0.6816709637641907,-1.288447380065918,-3.960509777069092,0.9200000000000006
-0.7516927123069763,-0.6643795967102051,-4.55401611328125,0.9300000000000006
-0.9898160099983215,0.03246736526489258,-5.171224117279053,0.9400000000000006
-1.3697032928466797,0.7383661270141602,-5.298733234405518,0.9500000000000006
-2.0255730152130127,1.1804451942443848,-6.437934875488281,0.9600000000000006
-2.4369754791259766,1.4484539031982422,-6.2374725341796875,0.9700000000000006
-2.7225534915924072,1.9094042778015137,-6.0893235206604,0.9800000000000006
-2.958106517791748,2.5792226791381836,-5.794158935546875,0.9900000000000007
-2.637979030609131,3.0854787826538086,-5.286098957061768,1.0000000000000007
-1.9472343921661377,3.4725050926208496,-4.4794745445251465,1.0100000000000007
-1.0688145160675049,3.518855571746826,-4.08408260345459,1.0200000000000007
-0.44897425174713135,3.239875316619873,-4.008856773376465,1.0300000000000007
0.03247612714767456,2.4440793991088867,-4.7784223556518555,1.0400000000000007
0.13737404346466064,1.7406797409057617,-5.524782657623291,1.0500000000000007
-0.08637171983718872,1.0205955505371094,-6.244268894195557,1.0600000000000007
-0.4230249524116516,0.32039880752563477,-6.805955410003662,1.0700000000000007
-0.8360127210617065,-0.46752262115478516,-7.069884300231934,1.0800000000000007
-1.1318656206130981,-1.189457893371582,-7.017901420593262,1.0900000000000007
-1.352156162261963,-1.8385610580444336,-6.6927289962768555,1.1000000000000008
-1.4425886869430542,-2.358445167541504,-6.43532133102417,1.1100000000000008
-1.589907169342041,-2.6875994205474854,-6.249635696411133,1.1200000000000008
-1.6338956356048584,-2.9101274013519287,-5.6657915115356445,1.1300000000000008
-1.5477790832519531,-2.7749764919281006,-4.635226249694824,1.1400000000000008
-1.2209724187850952,-2.216984987258911,-3.5444889068603516,1.1500000000000008
-0.4040870666503906,-1.2125368118286133,-1.5326528549194336,1.1600000000000008
0.7638673782348633,0.002628326416015625,0.5760221481323242,1.1700000000000008
1.9869194030761719,1.3205738067626953,1.776747703552246,1.1800000000000008
3.024003267288208,2.327141284942627,1.7119874954223633,1.1900000000000008
3.7631092071533203,3.10398006439209,0.8763055801391602,1.2000000000000008
3.4915552139282227,3.688002109527588,0.027980327606201172,1.2100000000000009
1.820111632347107,4.549147129058838,-0.6389827728271484,1.2200000000000009
-0.5939395427703857,5.435971260070801,-1.0765151977539062,1.2300000000000009
-1.837024211883545,6.049930095672607,-1.513688564300537,1.2400000000000009
-2.562732219696045,6.50329065322876,-1.7307662963867188,1.2500000000000009
-2.601943254470825,6.296819686889648,-1.56290864944458,1.260000000000001
-2.4626619815826416,5.598260402679443,-1.406397819519043,1.270000000000001
-2.6982223987579346,4.9749627113342285,-1.5345730781555176,1.280000000000001
-3.5377845764160156,5.34176778793335,-1.7369837760925293,1.290000000000001
-4.308049201965332,7.073793888092041,-1.8749051094055176,1.300000000000001
-3.843336582183838,9.500082015991211,-2.756722927093506,1.310000000000001
-2.066887140274048,11.131732940673828,-4.405516624450684,1.320000000000001
0.8168457746505737,9.069068908691406,-5.33217191696167,1.330000000000001
1.8643676042556763,4.645177364349365,-7.272911071777344,1.340000000000001
0.9711561799049377,0.6684727668762207,-8.987069129943848,1.350000000000001
-0.4330313205718994,-1.9047398567199707,-9.848480224609375,1.360000000000001
-0.6651695966720581,-3.126737594604492,-9.34086799621582,1.370000000000001
-1.0322020053863525,-3.5450220108032227,-8.486166954040527,1.380000000000001
-2.2548391819000244,-3.3589205741882324,-7.285267353057861,1.390000000000001
-3.4152965545654297,-2.2502927780151367,-6.832562446594238,1.400000000000001
-3.6359338760375977,-0.4004635810852051,-7.384943008422852,1.410000000000001
-3.6131904125213623,1.6043519973754883,-7.942813396453857,1.420000000000001
-3.8282742500305176,3.4936723709106445,-7.844666004180908,1.430000000000001
-3.206137180328369,5.2154974937438965,-7.547242641448975,1.440000000000001
-2.658698081970215,6.0132622718811035,-7.73077392578125,1.450000000000001
-2.1260101795196533,6.224170207977295,-8.022943496704102,1.460000000000001
-1.637938141822815,6.05813455581665,-7.679903507232666,1.470000000000001
-0.5881505012512207,5.52593994140625,-6.678595066070557,1.480000000000001
0.9426157474517822,4.448210716247559,-5.754444122314453,1.490000000000001
2.5783820152282715,2.918484687805176,-4.437948703765869,1.500000000000001
3.207771062850952,1.5511813163757324,-3.4450440406799316,1.5100000000000011
2.6920106410980225,0.2136697769165039,-3.019463539123535,1.5200000000000011
0.893457293510437,-0.2036428451538086,-3.3642704486846924,1.5300000000000011
0.2736697196960449,-0.16550350189208984,-3.533285617828369,1.5400000000000011
0.6358661651611328,0.5552196502685547,-4.030610084533691,1.5500000000000012
0.9338364601135254,1.4358482360839844,-5.579338073730469,1.5600000000000012
1.2913742065429688,1.6068239212036133,-6.779158592224121,1.5700000000000012
1.2732484340667725,1.6571722030639648,-7.266897201538086,1.5800000000000012
1.166553020477295,1.1399660110473633,-6.707971096038818,1.5900000000000012
0.908016562461853,0.4037923812866211,-5.550368309020996,1.6000000000000012
0.5731425285339355,-0.04763603210449219,-4.858813285827637,1.6100000000000012
0.3147653341293335,-0.41224193572998047,-4.276246547698975,1.6200000000000012
0.3871525526046753,-0.42267799377441406,-4.229864120483398,1.6300000000000012
0.176544189453125,-0.5754175186157227,-3.7236218452453613,1.6400000000000012
0.12774443626403809,-0.5659375190734863,-3.017402172088623,1.6500000000000012
0.14713120460510254,-0.560676097869873,-2.492377281188965,1.6600000000000013
0.08724308013916016,-0.5863409042358398,-2.336519718170166,1.6700000000000013
0.09851908683776855,-0.533027172088623,-2.162781000137329,1.6800000000000013
0.19258058071136475,-0.21197223663330078,-2.2202515602111816,1.6900000000000013
0.12501049041748047,0.48232364654541016,-2.198193073272705,1.7000000000000013
0.023561477661132812,1.0560102462768555,-1.6719539165496826,1.7100000000000013
0.32874298095703125,1.0743350982666016,-0.67899489402771,1.7200000000000013
0.9041498899459839,0.6494874954223633,0.21614789962768555,1.7300000000000013
1.211294174194336,0.24408912658691406,0.45505785942077637,1.7400000000000013
1.204656720161438,0.2763948440551758,-0.20991992950439453,1.7500000000000013
1.1367435455322266,0.5812578201293945,-1.589544653892517,1.7600000000000013
1.1509830951690674,0.863062858581543,-2.854329824447632,1.7700000000000014
0.9183104038238525,1.014399528503418,-3.6311824321746826,1.7800000000000014
0.7632249593734741,0.8241024017333984,-3.7645046710968018,1.7900000000000014
0.6501080989837646,0.8285646438598633,-3.6959447860717773,1.8000000000000014
0.8437670469284058,1.1990690231323242,-3.884411096572876,1.8100000000000014
1.4546598196029663,1.6374588012695312,-4.360775947570801,1.8200000000000014
2.493323802947998,1.9416561126708984,-3.8837313652038574,1.8300000000000014
3.3102755546569824,2.6027488708496094,-2.5595057010650635,1.8400000000000014
2.690092086791992,4.17707633972168,-1.716054916381836,1.8500000000000014
1.6187446117401123,5.467889785766602,-3.302769422531128,1.8600000000000014
1.2029967308044434,6.359011650085449,-5.194226264953613,1.8700000000000014
1.0295116901397705,7.371397018432617,-6.0366363525390625,1.8800000000000014
0.7626703977584839,8.399025917053223,-5.684150695800781,1.8900000000000015
-0.43501734733581543,9.447935104370117,-4.461320877075195,1.9000000000000015
-2.017634391784668,9.434150695800781,-3.415623188018799,1.9100000000000015
-2.818152666091919,8.077363967895508,-3.1637327671051025,1.9200000000000015
-2.7383065223693848,6.63065242767334,-3.4723803997039795,1.9300000000000015
-2.5447182655334473,5.248567581176758,-3.9629976749420166,1.9400000000000015
-2.4146790504455566,3.8833484649658203,-4.204929828643799,1.9500000000000015
-2.602195978164673,2.816946029663086,-4.360412120819092,1.9600000000000015
-3.202005386352539,1.9167490005493164,-4.657257556915283,1.9700000000000015
-3.9929018020629883,1.1206750869750977,-4.945844650268555,1.9800000000000015
-4.2951507568359375,0.5028848648071289,-4.952460289001465,1.9900000000000015
-4.1180033683776855,-0.12853240966796875,-5.019228935241699,2.0000000000000013
-3.608501434326172,-0.9342513084411621,-5.175772190093994,2.010000000000001
-3.4003067016601562,-1.5307159423828125,-5.44370174407959,2.020000000000001
-2.822493314743042,-1.8729724884033203,-5.387399196624756,2.0300000000000007
-2.0514109134674072,-1.8719639778137207,-5.08986234664917,2.0400000000000005
-1.6282029151916504,-1.4466028213500977,-4.5626726150512695,2.0500000000000003
-1.272910714149475,-0.8861160278320312,-4.067631721496582,2.06
-1.0072869062423706,-0.516697883605957,-4.074193000793457,2.07
-0.9564777612686157,-0.10687255859375,-4.316611289978027,2.0799999999999996
-0.8227882385253906,0.2784276008605957,-4.227242946624756,2.0899999999999994
-1.1482957601547241,0.9732189178466797,-3.923352003097534,2.099999999999999
-1.3177684545516968,1.357865333557129,-4.577665328979492,2.109999999999999
-1.3213094472885132,1.7105369567871094,-4.792012691497803,2.1199999999999988
-1.233665108680725,1.9989871978759766,-5.20823860168457,2.1299999999999986
-1.1065456867218018,2.263744354248047,-5.537049293518066,2.1399999999999983
-0.7819023132324219,2.5590920448303223,-5.374536514282227,2.149999999999998
-0.40557169914245605,2.788996696472168,-5.19449520111084,2.159999999999998
-0.2118690013885498,2.6562838554382324,-5.327040672302246,2.1699999999999977
-0.10080623626708984,2.20509672164917,-5.611021518707275,2.1799999999999975
-0.16660237312316895,1.563795566558838,-5.922053813934326,2.1899999999999973
-0.4121590852737427,0.7464919090270996,-6.153201580047607,2.199999999999997
-0.9721744060516357,0.1730661392211914,-6.512777805328369,2.209999999999997
-1.7727227210998535,-0.41569042205810547,-6.7573676109313965,2.2199999999999966
-2.206747531890869,-0.8397283554077148,-6.728201389312744,2.2299999999999964
-2.4259023666381836,-1.4003515243530273,-6.3861985206604,2.239999999999996
-2.4029126167297363,-1.843428611755371,-5.829192161560059,2.249999999999996
-2.228747606277466,-2.13557767868042,-5.145479202270508,2.259999999999996
-1.8995883464813232,-2.215341567993164,-4.29208517074585,2.2699999999999956
-1.30599844455719,-2.0725197792053223,-2.921142578125,2.2799999999999954
-0.1746746301651001,-1.5893101692199707,-1.1245150566101074,2.289999999999995
1.0895262956619263,-0.8487386703491211,0.3842306137084961,2.299999999999995
2.1639609336853027,0.0340886116027832,1.297708511352539,2.3099999999999947
3.075772762298584,0.9044466018676758,1.4450626373291016,2.3199999999999945
3.7225539684295654,1.5627717971801758,0.9009990692138672,2.3299999999999943
3.9954938888549805,2.049989700317383,0.09456920623779297,2.339999999999994
3.519589900970459,2.370652675628662,-0.48874425888061523,2.349999999999994
2.283992052078247,2.7293829917907715,-0.8483099937438965,2.3599999999999937
0.8880829811096191,3.2283973693847656,-0.8624434471130371,2.3699999999999934
-0.6009061336517334,3.9973907470703125,-0.28589677810668945,2.3799999999999932
-1.7550554275512695,4.5663676261901855,0.2594485282897949,2.389999999999993
-2.671078681945801,4.958688735961914,0.7923078536987305,2.399999999999993
-2.7748048305511475,4.679897308349609,0.7722196578979492,2.4099999999999926
-2.6497092247009277,3.659853935241699,0.06398248672485352,2.4199999999999924
-2.651252508163452,2.3867335319519043,-1.6431384086608887,2.429999999999992
-2.623384714126587,1.4094452857971191,-3.4812002182006836,2.439999999999992
-2.347910165786743,0.6172208786010742,-4.908397674560547,2.4499999999999917
-1.9169299602508545,0.0305328369140625,-5.769824981689453,2.4599999999999915
-1.675577163696289,0.062281131744384766,-6.070716857910156,2.4699999999999913
-1.9408278465270996,1.4591379165649414,-6.117879867553711,2.479999999999991
-2.627516984939575,3.8735222816467285,-5.837611675262451,2.489999999999991
-3.0789830684661865,6.933029651641846,-4.865046501159668,2.4999999999999907
-3.4697234630584717,10.867840766906738,-2.7259202003479004,2.5099999999999905
-2.973543167114258,13.69276237487793,-1.3108282089233398,2.5199999999999902
-2.9479315280914307,11.57843017578125,-3.2639946937561035,2.52999999999999
-1.7541429996490479,6.622048854827881,-5.88283634185791,2.53999999999999
-0.3893096446990967,2.304506778717041,-7.978696823120117,2.5499999999999896
0.13260817527770996,-0.5297856330871582,-8.914190292358398,2.5599999999999894
-0.11508655548095703,-3.051600217819214,-9.1205472946167,2.569999999999989
-0.8235284090042114,-4.4959917068481445,-9.075291633605957,2.579999999999989
-1.074249267578125,-4.50505256652832,-8.92618179321289,2.5899999999999888
-0.8517031669616699,-3.2850372791290283,-9.059465408325195,2.5999999999999885
-0.7188781499862671,-1.067366600036621,-8.882309913635254,2.6099999999999883
-0.9994248151779175,1.0614748001098633,-8.878418922424316,2.619999999999988
-1.4280059337615967,3.0632967948913574,-8.701350212097168,2.629999999999988
-1.911478042602539,4.767673969268799,-8.026026725769043,2.6399999999999877
-1.7251795530319214,5.369668483734131,-6.794849872589111,2.6499999999999875
-1.463441014289856,5.306583404541016,-5.1720991134643555,2.6599999999999873
-1.1890647411346436,4.748697757720947,-4.090934753417969,2.669999999999987
-0.738888144493103,3.9616851806640625,-3.3738410472869873,2.679999999999987
0.2261524200439453,2.662397861480713,-2.6786863803863525,2.6899999999999866
1.0102758407592773,0.7866153717041016,-1.8344876766204834,2.6999999999999864
0.8850690126419067,-0.6582274436950684,-1.2686305046081543,2.709999999999986
0.8593192100524902,-1.4856839179992676,-1.2290222644805908,2.719999999999986
1.2201318740844727,-1.5480399131774902,-2.224003314971924,2.7299999999999858
1.3121354579925537,-0.8253936767578125,-3.500900983810425,2.7399999999999856
1.4060657024383545,0.30687427520751953,-4.5711565017700195,2.7499999999999853
1.3043169975280762,1.2746906280517578,-5.3686652183532715,2.759999999999985
1.0018659830093384,1.8077373504638672,-5.952394485473633,2.769999999999985
0.7126888036727905,2.0783891677856445,-6.253730297088623,2.7799999999999847
0.5897243022918701,1.8885107040405273,-6.121110916137695,2.7899999999999845
0.4772530794143677,1.2449951171875,-5.414622783660889,2.7999999999999843
0.512647271156311,0.5673484802246094,-4.78855562210083,2.809999999999984
0.4412703514099121,-0.03657054901123047,-4.259055137634277,2.819999999999984
0.44195735454559326,-0.4203300476074219,-3.8713021278381348,2.8299999999999836
0.5722254514694214,-0.7620968818664551,-3.366582155227661,2.8399999999999834
0.7259129285812378,-0.7776470184326172,-2.8548076152801514,2.849999999999983
0.6994452476501465,-0.30714988708496094,-2.5975866317749023,2.859999999999983
0.5031905174255371,0.4004344940185547,-2.463468551635742,2.869999999999983
0.634412407875061,0.7995586395263672,-2.2339019775390625,2.8799999999999826
0.7197170257568359,1.0726509094238281,-1.9071171283721924,2.8899999999999824
0.5009254217147827,1.400038719177246,-1.6914820671081543,2.899999999999982
0.2261362075805664,1.516763687133789,-1.6593624353408813,2.909999999999982
-0.11294865608215332,1.4086189270019531,-1.5480350255966187,2.9199999999999817
-0.22782039642333984,0.8018045425415039,-1.3864967823028564,2.9299999999999815
0.18112778663635254,-0.3321352005004883,-1.3422235250473022,2.9399999999999813
0.7048454284667969,-1.2273640632629395,-1.9798012971878052,2.949999999999981
1.1287872791290283,-1.451892375946045,-3.138734817504883,2.959999999999981
1.299900770187378,-0.8789472579956055,-4.0969624519348145,2.9699999999999807
1.140648603439331,-0.07950305938720703,-4.238582611083984,2.9799999999999804
0.9016810655593872,0.5292882919311523,-3.7693846225738525,2.9899999999999802
0.3371700048446655,0.8478364944458008,-2.926870822906494,2.99999999999998
-0.011631011962890625,0.9712047576904297,-2.367924213409424,3.00999999999998
-0.11087870597839355,0.8815622329711914,-2.0731148719787598,3.0199999999999796
-0.04649162292480469,0.5323171615600586,-1.8096591234207153,3.0299999999999794
0.16135025024414062,0.29897308349609375,-1.3593881130218506,3.039999999999979
0.8609445095062256,0.03929615020751953,-0.6456911563873291,3.049999999999979
1.97017502784729,0.008212089538574219,-0.17305636405944824,3.0599999999999787
2.2384142875671387,0.9684553146362305,-0.5145440101623535,3.0699999999999785
1.182824969291687,3.5982465744018555,-1.156255841255188,3.0799999999999783
0.1680440902709961,5.492115020751953,-1.9333733320236206,3.089999999999978
-0.19872474670410156,6.789069175720215,-3.1376490592956543,3.099999999999978
-0.08245730400085449,7.74979305267334,-4.265445709228516,3.1099999999999777
0.31391704082489014,8.33914852142334,-4.585875511169434,3.1199999999999775
0.6638418436050415,8.087862014770508,-4.141124725341797,3.1299999999999772
0.818015456199646,6.693621635437012,-3.792673110961914,3.139999999999977
0.9075886011123657,4.839174270629883,-3.575594425201416,3.149999999999977
0.5431109666824341,3.28851318359375,-3.443831205368042,3.1599999999999766
-0.2530025243759155,2.480210304260254,-3.4324347972869873,3.1699999999999764
-0.8124246597290039,2.682025909423828,-3.038893938064575,3.179999999999976
-1.1468008756637573,3.1343812942504883,-2.5371851921081543,3.189999999999976
-1.4682360887527466,3.4704103469848633,-2.3391425609588623,3.1999999999999758
-1.940701961517334,3.396763801574707,-2.9850471019744873,3.2099999999999755
-2.1626739501953125,2.897934913635254,-4.108243942260742,3.2199999999999753
-2.510774612426758,2.2646608352661133,-5.265552520751953,3.229999999999975
-2.884493827819824,1.6220169067382812,-6.043322563171387,3.239999999999975
-2.879657745361328,1.0847883224487305,-6.274157524108887,3.2499999999999747
-2.750922203063965,0.3609285354614258,-6.116794586181641,3.2599999999999745
-2.514068603515625,-0.145782470703125,-5.753449440002441,3.2699999999999743
-1.9994947910308838,-0.5517425537109375,-5.256714344024658,3.279999999999974
-1.3170490264892578,-0.761021614074707,-4.570669651031494,3.289999999999974
-0.18172812461853027,-0.6455593109130859,-3.2118258476257324,3.2999999999999736
-0.03636503219604492,-0.15523099899291992,-2.836728811264038,3.3099999999999734
-0.7829416990280151,0.29773807525634766,-3.4532105922698975,3.319999999999973
-1.4677389860153198,0.6686272621154785,-3.8883235454559326,3.329999999999973
-1.245983362197876,1.0935730934143066,-3.9087936878204346,3.3399999999999728
-0.6675046682357788,1.6648387908935547,-3.1107654571533203,3.3499999999999726
-0.712931752204895,2.117584228515625,-2.8207528591156006,3.3599999999999723
-0.7587416172027588,2.3211493492126465,-2.692094326019287,3.369999999999972
-0.6833183765411377,2.3069329261779785,-3.0223028659820557,3.379999999999972
-0.7114307880401611,1.9948935508728027,-3.8992764949798584,3.3899999999999717
-0.3633928894996643,1.5119409561157227,-5.158217430114746,3.3999999999999715
-0.22381341457366943,0.8306446075439453,-7.084262371063232,3.4099999999999713
-0.5174059271812439,0.026546001434326172,-8.653610229492188,3.419999999999971
-0.7923694252967834,-0.2936825752258301,-9.066055297851562,3.429999999999971
-1.0123400688171387,-0.5144495964050293,-8.16055679321289,3.4399999999999706
-1.1694555282592773,-0.7830643653869629,-7.279959201812744,3.4499999999999704
-1.4110088348388672,-0.6400456428527832,-6.712481498718262,3.45999999999997
-1.691892385482788,-0.45714426040649414,-6.538335800170898,3.46999999999997
-1.9651696681976318,-0.6978597640991211,-6.488054275512695,3.47999999999997
-2.0610687732696533,-1.1370854377746582,-6.223532199859619,3.4899999999999696
-2.212536334991455,-1.3846726417541504,-5.798900127410889,3.4999999999999694
-2.336296558380127,-1.4621491432189941,-5.244504451751709,3.509999999999969
-2.250413656234741,-1.4824256896972656,-4.305659294128418,3.519999999999969
-1.7285957336425781,-1.4799132347106934,-2.748969078063965,3.5299999999999687
-0.9734450578689575,-1.3352289199829102,-1.2211499214172363,3.5399999999999685
0.19003331661224365,-1.1543002128601074,0.13590431213378906,3.5499999999999683
1.3234745264053345,-0.7369375228881836,1.0945053100585938,3.559999999999968
2.1283648014068604,-0.12718439102172852,1.6497907638549805,3.569999999999968
2.6475915908813477,0.782524585723877,1.5852479934692383,3.5799999999999677
2.7807159423828125,1.6663150787353516,0.9058918952941895,3.5899999999999674
2.626338005065918,2.848811626434326,0.21453857421875,3.5999999999999672
2.1250061988830566,3.8234872817993164,0.02901458740234375,3.609999999999967
1.1263854503631592,4.89469051361084,0.05801963806152344,3.619999999999967
0.02845752239227295,5.596607208251953,0.027610301971435547,3.6299999999999666
-0.38920092582702637,5.461763381958008,-0.27184104919433594,3.6399999999999664
-0.201430082321167,4.592811107635498,-0.6553478240966797,3.649999999999966
0.11757588386535645,3.3241639137268066,-1.0575156211853027,3.659999999999966
0.16257119178771973,2.4188623428344727,-1.322342872619629,3.6699999999999657
-0.14246892929077148,1.5949888229370117,-1.7720632553100586,3.6799999999999655
-0.7695302963256836,1.1646604537963867,-2.461245536804199,3.6899999999999653
-1.3880982398986816,0.9642553329467773,-3.311619520187378,3.699999999999965
-2.122472047805786,1.464461326599121,-3.29658579826355,3.709999999999965
-3.0567827224731445,3.2121739387512207,-2.7691712379455566,3.7199999999999647
-3.6613657474517822,5.902800559997559,-2.4611573219299316,3.7299999999999645
-4.21629524230957,9.069461822509766,-2.8533895015716553,3.7399999999999642
-4.258465766906738,11.75809383392334,-3.9594550132751465,3.749999999999964
-2.9502501487731934,9.689008712768555,-6.063146591186523,3.759999999999964
-1.7664825916290283,3.4802517890930176,-8.759262084960938,3.7699999999999636
-0.7839481830596924,-0.22902917861938477,-9.599663734436035,3.7799999999999634
-0.26719045639038086,-1.7280383110046387,-9.302387237548828,3.789999999999963
0.11247801780700684,-2.712399959564209,-8.593888282775879,3.799999999999963
-0.5613834857940674,-3.735724687576294,-6.787639141082764,3.8099999999999627
-1.4163490533828735,-4.06329345703125,-5.884583950042725,3.8199999999999625
-1.654737114906311,-3.0608158111572266,-6.160027980804443,3.8299999999999623
-1.8233330249786377,-0.8306293487548828,-7.252612113952637,3.839999999999962
-1.8031257390975952,0.7323570251464844,-8.143621444702148,3.849999999999962
-2.6961803436279297,2.8424158096313477,-8.462799072265625,3.8599999999999617
-3.1659793853759766,4.619783401489258,-8.215978622436523,3.8699999999999615
-2.8369240760803223,5.864321231842041,-7.386722564697266,3.8799999999999613
-1.9371541738510132,6.030034065246582,-5.883114814758301,3.889999999999961
-1.0665169954299927,5.220114707946777,-4.143918991088867,3.899999999999961
-0.21019554138183594,4.116378307342529,-2.9016273021698,3.9099999999999606
-0.08557891845703125,4.057634353637695,-2.771047830581665,3.9199999999999604
1.6944535970687866,1.599390983581543,-2.151238441467285,3.92999999999996
2.6712405681610107,0.31125354766845703,-1.9013500213623047,3.93999999999996
2.9653549194335938,-0.5817456245422363,-2.1162643432617188,3.9499999999999598
2.8511006832122803,-0.9648633003234863,-3.0110583305358887,3.9599999999999596
2.712494134902954,-0.886023998260498,-3.670711040496826,3.9699999999999593
2.23173451423645,-0.35868072509765625,-4.6636128425598145,3.979999999999959
1.5809142589569092,0.4097175598144531,-6.05854606628418,3.989999999999959
1.0238735675811768,0.9893226623535156,-6.951503276824951,3.9999999999999587
