AccX,AccY,AccZ,stepCount
-2.485769510269165,-0.8871841430664062,0.973869264125824,-1.2948365211486816
-2.298173666000366,-0.7921953201293945,0.994168758392334,6.181678295135498
-1.9566597938537598,-0.6109657287597656,0.833289384841919,-2.8266067504882812
-1.602630376815796,-0.4990205764770508,0.6642779111862183,5.787434101104736
-1.2390968799591064,-0.28415584564208984,0.4468685984611511,-4.330603122711182
-0.8309724926948547,-2.765655517578125E-5,0.16482838988304138,5.218336582183838
-0.3094077706336975,-0.08424568176269531,-0.09744860231876373,-3.4485931396484375
0.23423415422439575,-0.33307933807373047,-0.3583493232727051,-1.114176869392395
0.6992573738098145,-0.7391214370727539,-0.6151137948036194,1.7496007680892944
0.9221109747886658,-0.7212886810302734,-0.7153866291046143,0.645069420337677
1.1387763023376465,-0.660405158996582,-0.6361863017082214,0
1.421096682548523,-0.680842399597168,-0.46608245372772217,0
1.7121596336364746,-0.6748409271240234,-0.22136399149894714,0
1.9840342998504639,-0.898158073425293,0.04829248785972595,0
2.0385043621063232,-1.221329689025879,0.32634395360946655,0
2.100694179534912,-1.572474479675293,0.4190759062767029,0
2.127920150756836,-1.8295822143554688,0.369560182094574,0
2.029409885406494,-2.031038761138916,0.2707006335258484,0
1.4911186695098877,-2.0694618225097656,0.26528459787368774,0
0.9692927002906799,-1.8734784126281738,0.3622859716415405,0
0.5525489449501038,-1.4386215209960938,0.6022380590438843,0
0.3851953148841858,-0.7316303253173828,0.9279110431671143,0
0.31040477752685547,-0.2021799087524414,1.1937147378921509,0
0.30028659105300903,0.023369789123535156,1.4641358852386475,0
0.37683427333831787,0.07219505310058594,1.554514765739441,0
0.48979562520980835,0.09987831115722656,1.3897416591644287,0
0.4470963478088379,0.022604942321777344,1.134069800376892,0
0.32646650075912476,0.02197551727294922,0.836947500705719,0
0.5696181654930115,0.06190299987792969,0.5628069043159485,0
0.8789452910423279,0.1303091049194336,0.35273221135139465,0
1.1698849201202393,0.21992015838623047,0.2528311610221863,0
1.4514071941375732,0.45259761810302734,0.2733381390571594,0
1.8547040224075317,0.6297092437744141,0.49137163162231445,0
2.245681047439575,0.8422098159790039,0.8235818147659302,0
2.5886244773864746,0.9920291900634766,1.2388060092926025,0
2.8386826515197754,1.043375015258789,1.5377628803253174,0
3.025376081466675,1.022658348083496,1.6811999082565308,0
3.11354923248291,1.056692123413086,1.7665290832519531,0
3.151555061340332,1.245840072631836,1.7217835187911987,0
2.9738852977752686,1.3865413665771484,1.4225311279296875,0
2.869248867034912,1.4715652465820312,1.0533734560012817,0
2.743605613708496,1.5009450912475586,0.7633984684944153,0
2.7206625938415527,1.5608081817626953,0.6275689005851746,0
2.5610079765319824,1.6965980529785156,0.6012293696403503,0
2.319662570953369,1.8197555541992188,0.7300739288330078,0
2.092559814453125,1.9398975372314453,0.8466382026672363,0
1.9972509145736694,2.104874610900879,0.9721137285232544,0
2.0984585285186768,2.2787914276123047,1.2041683197021484,0
2.1880786418914795,2.5118675231933594,1.5928250551223755,0
2.3548405170440674,2.796873092651367,2.0730552673339844,0
2.5344138145446777,3.160050392150879,2.5294084548950195,0
2.6168808937072754,3.637065887451172,2.7549777030944824,0
2.5494792461395264,4.0841264724731445,2.7672977447509766,0
2.477938652038574,4.33612060546875,2.363772392272949,0
2.2580723762512207,4.400300025939941,1.7919161319732666,0
2.015819787979126,4.355713844299316,1.130089282989502,0
1.8242123126983643,4.195316314697266,0.5148106813430786,0
1.6223589181900024,4.062802314758301,0.033136963844299316,0
1.5101239681243896,3.874627113342285,-0.2661895751953125,0
1.5352247953414917,3.5809144973754883,-0.24855026602745056,0
1.6383763551712036,3.316030502319336,0.08401757478713989,0
1.8159778118133545,2.8771133422851562,0.6146476864814758,0
1.9981276988983154,2.3317794799804688,1.228366494178772,0
1.5064753293991089,1.7832307815551758,1.7567003965377808,0
0.1875309944152832,1.3654022216796875,2.0588836669921875,0
-0.834343433380127,0.9660253524780273,2.1760594844818115,0
-1.5348303318023682,0.6573333740234375,2.095219612121582,0
-2.10697078704834,0.5521678924560547,1.902844786643982,0
-2.5546929836273193,0.6842432022094727,1.5957911014556885,0
-2.7288918495178223,0.8957891464233398,1.2749407291412354,0
-2.8514230251312256,1.005049705505371,0.9607337117195129,0
-2.706645965576172,1.0429811477661133,0.6382145881652832,0
-2.4784579277038574,0.9804573059082031,0.3449786901473999,0
-2.003754138946533,0.7715072631835938,-0.07828152179718018,0
-1.5858097076416016,0.5375614166259766,-0.5669862031936646,0
-1.2863516807556152,0.42151832580566406,-1.070025086402893,0
-1.1603797674179077,0.5161409378051758,-1.5810819864273071,0
-1.1437382698059082,0.8042926788330078,-2.003819227218628,0
-1.1346485614776611,1.1398725509643555,-2.3426451683044434,0
-1.2968177795410156,1.4584598541259766,-2.7171664237976074,0
-1.5257856845855713,1.6863298416137695,-3.0725436210632324,0
-1.7866705656051636,1.8838777542114258,-3.413893938064575,0
-2.011003017425537,2.008533477783203,-3.6785385608673096,0
-2.1688897609710693,2.1084394454956055,-3.740513801574707,0
-2.2380104064941406,2.2291488647460938,-3.4637556076049805,0
-2.1482419967651367,2.248654365539551,-2.840823173522949,0
-1.8285645246505737,2.1811656951904297,-1.860929012298584,0
-0.9789506196975708,1.9260082244873047,-0.7999482154846191,0
-0.13849544525146484,1.5401287078857422,0.15816068649291992,0
0.4719763696193695,1.398554801940918,0.8621697425842285,0
0.9236511588096619,1.3427858352661133,1.277339220046997,0
1.1771093606948853,1.3869638442993164,1.3774826526641846,0
1.3576769828796387,1.4234027862548828,1.174259901046753,0
1.4902472496032715,1.4282588958740234,0.8083910942077637,0
1.4465943574905396,1.4542655944824219,0.331876277923584,0
1.3304693698883057,1.4271860122680664,-0.1262984275817871,0
1.0803008079528809,1.3757009506225586,-0.5544843673706055,0
0.8951331973075867,1.2711544036865234,-0.9938478469848633,0
0.6796349883079529,1.0729684829711914,-1.3730673789978027,0
0.5989943146705627,0.8363723754882812,-1.7646013498306274,0
0.37080520391464233,0.5279531478881836,-2.159146785736084,0
0.22514182329177856,0.3651714324951172,-2.4846816062927246,0
0.01075655221939087,0.02732086181640625,-2.831967830657959,0
-0.2202608585357666,-0.2822999954223633,-3.1241252422332764,0
-0.5380190014839172,-0.6570768356323242,-3.3681507110595703,0
-1.0224878787994385,-1.1566505432128906,-3.6334829330444336,0
-1.5450423955917358,-1.4650945663452148,-3.9036667346954346,0
-2.0971767902374268,-1.857269287109375,-4.234386444091797,0
-2.780021905899048,-2.2754392623901367,-4.477785110473633,0
-3.421614646911621,-2.614108085632324,-4.696678161621094,0
-3.9934637546539307,-2.897045135498047,-4.903573513031006,0
-4.5699543952941895,-3.1097917556762695,-5.017551422119141,0
-5.005413055419922,-3.3384876251220703,-5.048296928405762,0
-5.338362693786621,-3.475529193878174,-4.986270904541016,0
-5.592997074127197,-3.6311497688293457,-4.847996234893799,0
-5.755476951599121,-3.7362608909606934,-4.563542366027832,0
-5.73085880279541,-3.6646294593811035,-4.187067031860352,0
-5.1332831382751465,-3.610703945159912,-3.8205924034118652,0
-4.373080730438232,-3.5416178703308105,-3.3842573165893555,0
-3.626462936401367,-3.5058436393737793,-2.8842926025390625,0
-2.995990753173828,-3.4776787757873535,-2.360264778137207,0
-2.4532456398010254,-3.4337968826293945,-1.8134214878082275,0
-1.9386271238327026,-3.384322166442871,-1.3575010299682617,0
-1.50225031375885,-3.406198024749756,-0.9653115272521973,0
-1.1463474035263062,-3.451709270477295,-0.7415881156921387,0
-0.8967791795730591,-3.5519022941589355,-0.5809359550476074,0
-0.6739945411682129,-3.7566990852355957,-0.4932594299316406,0
-0.5321958065032959,-3.9915499687194824,-0.47664403915405273,0
-0.4416998624801636,-4.2584004402160645,-0.5485200881958008,0
-0.4756309390068054,-4.511386871337891,-0.6090888977050781,0
-0.6378376483917236,-4.683166027069092,-0.6686475276947021,0
-0.9326448440551758,-4.873950004577637,-0.6678237915039062,0
-1.3817381858825684,-5.047528266906738,-0.623694896697998,0
-1.9329702854156494,-5.182161808013916,-0.5315382480621338,0
-2.312028408050537,-5.222589015960693,-0.3939523696899414,0
-2.770066738128662,-5.371823310852051,-0.23051667213439941,0
-3.05560040473938,-5.368704795837402,-0.0752859115600586,0
-3.213493824005127,-5.2177839279174805,0.03518414497375488,0
-3.3002147674560547,-4.885279178619385,0.10241985321044922,0
-3.2123661041259766,-4.330209732055664,0.11107730865478516,0
-3.0122318267822266,-3.4781737327575684,0.15584301948547363,0
-2.645786762237549,-2.3385543823242188,0.2810697555541992,0
-2.155653476715088,-0.848872184753418,0.40143728256225586,0
-1.59737229347229,0.8787956237792969,0.5794131755828857,0
-0.976913571357727,2.801821708679199,0.867340087890625,0
-0.39407312870025635,4.868008613586426,1.2931091785430908,0
0.12568801641464233,7.261544227600098,1.8685204982757568,0
0.5447438955307007,9.75696086883545,2.63315486907959,0
0.9904869794845581,11.970600128173828,3.5570261478424072,0
1.7496330738067627,13.351387977600098,4.777491569519043,0
2.568559169769287,13.497417449951172,5.848401069641113,0
3.623708486557007,11.831038475036621,6.676666259765625,0
4.390349864959717,8.579097747802734,7.075223922729492,0
4.829085826873779,5.4840192794799805,7.22087287902832,0
4.965953826904297,3.3175582885742188,6.988860130310059,0
4.638180255889893,2.0278663635253906,6.328812599182129,0
3.946847438812256,1.6851825714111328,5.443514347076416,0
3.4166970252990723,2.056058883666992,4.420576095581055,0
2.8570919036865234,2.962611198425293,3.313124656677246,0
2.160663604736328,4.105550765991211,2.1348800659179688,0
1.257549524307251,5.181341171264648,0.7818245887756348,0
0.2743355631828308,5.609389305114746,-0.7659907341003418,0
-0.4172656536102295,5.323681831359863,-2.3124914169311523,0
-0.8634917736053467,4.786581039428711,-3.651749610900879,0
-1.5866159200668335,4.072574615478516,-4.688283443450928,0
-2.368065118789673,3.2611284255981445,-5.320652484893799,0
-3.1794729232788086,2.4296703338623047,-5.645709991455078,0
-3.98319673538208,1.2349615097045898,-5.7977447509765625,0
-4.600555896759033,-0.5989065170288086,-5.6985392570495605,0
-4.886586666107178,-2.6760072708129883,-5.254160404205322,0
-4.981847286224365,-4.420034885406494,-4.313991546630859,0
-4.912752151489258,-5.6746602058410645,-2.9813363552093506,0
-4.770179748535156,-6.491964340209961,-1.5325959920883179,0
-4.6875834465026855,-6.954747200012207,-0.2547566890716553,0
-4.498841285705566,-7.121301651000977,0.45307087898254395,0
-3.730334758758545,-7.066104888916016,0.4457613229751587,0
-2.4829540252685547,-6.946870803833008,-0.10043609142303467,0
-1.287252426147461,-6.698569297790527,-0.8908045887947083,0
-0.30311259627342224,-6.251424789428711,-1.5978976488113403,0
0.3779309391975403,-5.526224613189697,-2.236701011657715,0
0.8235535621643066,-4.683070182800293,-2.6544950008392334,0
0.9880902767181396,-3.62381649017334,-2.917790651321411,0
1.014320731163025,-2.408447742462158,-2.9771029949188232,0
0.8580795526504517,-1.1329269409179688,-2.8176932334899902,0
0.5541155338287354,0.26215076446533203,-2.5456528663635254,0
0.08923351764678955,1.6327133178710938,-2.1823129653930664,0
-0.4685884714126587,2.9303207397460938,-1.8341119289398193,0
-0.9992760419845581,4.018037796020508,-1.5331928730010986,0
-1.5216805934906006,4.778165817260742,-1.206468105316162,0
-1.8370215892791748,5.143442153930664,-0.8413728475570679,0
-1.8085769414901733,5.219067573547363,-0.45769715309143066,0
-1.2438445091247559,4.914303779602051,0.0077065229415893555,0
-0.37542009353637695,4.14848518371582,0.3196467161178589,0
0.4736263155937195,3.092489242553711,0.3604356050491333,0
1.002091884613037,2.0868759155273438,0.1427609920501709,0
1.4733132123947144,1.3210344314575195,-0.12927460670471191,0
1.7990312576293945,0.7783432006835938,-0.3707139492034912,0
2.1450324058532715,0.4157896041870117,-0.7133715152740479,0
2.366454601287842,0.18554115295410156,-1.1946051120758057,0
2.5751163959503174,0.08519935607910156,-1.7692975997924805,0
2.557964563369751,0.10515022277832031,-2.3219659328460693,0
2.3985671997070312,0.11851882934570312,-2.721860408782959,0
2.0480246543884277,0.20648574829101562,-2.8832180500030518,0
1.6989810466766357,0.1584300994873047,-2.8495187759399414,0
1.379141092300415,0.017461776733398438,-2.3458755016326904,0
1.2311040163040161,-0.2570314407348633,-1.520885944366455,0
0.9926247596740723,-0.6625699996948242,-0.7314016222953796,0
0.654485821723938,-1.0387954711914062,-0.20121771097183228,0
0.25248563289642334,-1.333073616027832,0.04574298858642578,0
-0.15178519487380981,-1.550180435180664,0.1376436948776245,0
-0.4276331663131714,-1.6040019989013672,0.09631630778312683,0
-0.7648820877075195,-1.9202423095703125,-0.05450838804244995,0
-0.8483808636665344,-2.111142635345459,-0.26236021518707275,0
-0.9182301163673401,-2.3131766319274902,-0.2660540044307709,0
-0.9320708513259888,-2.4212088584899902,-0.2246164083480835,0
-0.8737126588821411,-2.3469910621643066,-0.1645258367061615,0
-0.7216114401817322,-2.1960325241088867,-0.09939870983362198,0
-0.5304892659187317,-1.9589061737060547,-0.061212748289108276,0
-0.4004477858543396,-1.695521354675293,-0.0602603405714035,0
-0.39816272258758545,-1.3317928314208984,-0.05430391803383827,0
-0.28650468587875366,-0.9395599365234375,-0.07087557762861252,0
-0.29274803400039673,-0.6407842636108398,-0.14034594595432281,0
-0.22320055961608887,-0.29903697967529297,-0.2818361222743988,0
-0.11883294582366943,-0.012396812438964844,-0.4956575036048889,0
-0.05893129110336304,0.13072776794433594,-0.6267353892326355,0
-0.0655832290649414,0.5106525421142578,-0.6902719140052795,0
0.019052207469940186,0.7158079147338867,-0.6199841499328613,0
0.19012755155563354,0.806182861328125,-0.4618949294090271,0
0.31124770641326904,0.8775539398193359,-0.24507419764995575,0
0.4041867256164551,0.772150993347168,0.00902014970779419,0
0.5986250638961792,0.44720935821533203,0.22164645791053772,0
0.7993164658546448,0.09914207458496094,0.39297768473625183,0
0.8654637336730957,-0.04721355438232422,0.5232449769973755,0
0.8448371887207031,-0.4057741165161133,0.6748591065406799,0
0.8881155252456665,-0.7993230819702148,0.7928339242935181,0
1.059965968132019,-1.1130189895629883,0.8434951305389404,0
1.1305568218231201,-1.2393722534179688,0.9151715040206909,0
1.2170413732528687,-1.4129648208618164,0.9526159167289734,0
1.2927018404006958,-1.557267189025879,0.9725257158279419,0
1.3116724491119385,-1.641275405883789,0.9512355923652649,0
1.2831900119781494,-1.638763427734375,0.8966843485832214,0
1.271704912185669,-1.6310930252075195,0.8910209536552429,0
1.516830563545227,-1.7066307067871094,0.8268413543701172,0
1.6742345094680786,-1.700209617614746,0.7975470423698425,0
1.6986138820648193,-1.5760412216186523,0.8723244667053223,0
1.6138261556625366,-1.3056449890136719,1.0049636363983154,0
1.3333888053894043,-0.7387399673461914,1.1775199174880981,0
0.8974714279174805,-0.2011575698852539,1.4075778722763062,0
0.47556543350219727,0.19446468353271484,1.6072229146957397,0
0.2781108617782593,0.31896305084228516,1.748415231704712,0
0.15926671028137207,0.3446817398071289,1.7389951944351196,0
0.2170931100845337,0.20949840545654297,1.7030282020568848,0
0.44143712520599365,0.16707420349121094,1.670240879058838,0
0.6520622968673706,0.32017040252685547,1.7526828050613403,0
0.9797110557556152,0.7235021591186523,1.6956696510314941,0
1.5167639255523682,0.9749975204467773,1.5315947532653809,0
2.104341983795166,1.4095182418823242,1.5126938819885254,0
2.696061611175537,1.756387710571289,1.2128609418869019,0
3.0997776985168457,2.1852121353149414,0.830311119556427,0
3.4513909816741943,2.344209671020508,0.46526414155960083,0
3.736724376678467,2.288750648498535,0.20168864727020264,0
4.034998416900635,2.2127771377563477,-0.13087910413742065,0
4.212688446044922,2.1450424194335938,-0.5305749773979187,0
4.315900802612305,2.279325485229492,-0.8063654899597168,0
4.364420413970947,2.555753707885742,-1.039682388305664,0
4.370599746704102,2.9862585067749023,-1.160852313041687,0
4.152501106262207,3.48221492767334,-1.2700178623199463,0
4.049632549285889,3.9933509826660156,-1.4003806114196777,0
3.9323794841766357,4.479001998901367,-1.4562914371490479,0
3.8435862064361572,4.924869537353516,-1.3807477951049805,0
3.9986631870269775,5.278537750244141,-0.9300364851951599,0
4.154301166534424,5.382555961608887,-0.07614773511886597,0
4.40070915222168,5.448015213012695,0.9982202053070068,0
4.639908313751221,5.489778518676758,2.1105222702026367,0
4.5444746017456055,5.424583435058594,2.9297759532928467,0
2.2157204151153564,5.273569107055664,3.2989368438720703,0
-0.4665447473526001,5.026605606079102,3.3288350105285645,0
-1.9944863319396973,4.368198394775391,3.1142401695251465,0
-3.0623958110809326,3.3662281036376953,2.951843500137329,0
-3.69551944732666,2.3397350311279297,2.777618646621704,0
-3.8898301124572754,1.6408634185791016,2.505584955215454,0
-3.945003032684326,1.3463077545166016,2.0514841079711914,0
-3.83079195022583,1.3556814193725586,1.5250463485717773,0
-3.4886481761932373,1.4371452331542969,1.0825971364974976,0
-3.0970218181610107,1.4570684432983398,0.7929509878158569,0
-2.7700982093811035,1.3870124816894531,0.6415853500366211,0
-2.4381585121154785,1.3346757888793945,0.5735776424407959,0
-2.141965389251709,1.156280517578125,0.5948720574378967,0
-1.9081135988235474,0.8824853897094727,0.5014945268630981,0
-1.679284930229187,0.5676259994506836,0.37167489528656006,0
-1.5010108947753906,0.3329792022705078,0.1310635805130005,0
-1.4096370935440063,0.2639303207397461,-0.23401248455047607,0
-1.4588794708251953,0.35265254974365234,-0.7214667201042175,0
-1.5571805238723755,0.5102443695068359,-1.3614628314971924,0
-1.7016750574111938,0.6267595291137695,-2.1018052101135254,0
-1.9176111221313477,0.7049903869628906,-2.7734618186950684,0
-2.096392869949341,0.7287092208862305,-3.4418110847473145,0
-2.1452765464782715,0.6362953186035156,-4.006369590759277,0
-1.9947924613952637,0.5719203948974609,-4.4597625732421875,0
-1.721310019493103,0.5121536254882812,-4.667287826538086,0
-1.0608559846878052,0.44537830352783203,-4.459794044494629,0
-0.47187432646751404,0.3906841278076172,-3.9153523445129395,0
-0.05403435230255127,0.44817066192626953,-3.1710028648376465,0
0.3705011010169983,0.6077098846435547,-2.2535958290100098,0
0.7567254304885864,1.0576095581054688,-1.0993372201919556,0
0.9992971420288086,1.5411224365234375,0.08276152610778809,0
1.1701302528381348,2.1435766220092773,1.1344892978668213,0
1.216971516609192,2.608243942260742,1.9502029418945312,0
1.1662514209747314,2.9971046447753906,2.327394723892212,0
0.8647983074188232,3.0996809005737305,2.2759647369384766,0
0.5494170784950256,2.9690818786621094,1.8289189338684082,0
0.1841048002243042,2.5962905883789062,1.162534236907959,0
-0.039748698472976685,1.9506454467773438,0.4389994144439697,0
-0.24179410934448242,1.3001880645751953,-0.24596786499023438,0
-0.3453091084957123,0.5897655487060547,-0.760739803314209,0
-0.3643624186515808,0.10140419006347656,-1.208106517791748,0
-0.4759734869003296,-0.4426727294921875,-1.6000280380249023,0
-0.6461735963821411,-0.9540119171142578,-1.9820424318313599,0
-0.9059019088745117,-1.4756712913513184,-2.3974967002868652,0
-1.1036474704742432,-1.8878822326660156,-2.878185987472534,0
-1.3584078550338745,-2.326854705810547,-3.4152414798736572,0
-1.7225093841552734,-2.789949893951416,-3.8801660537719727,0
-1.9922720193862915,-3.1119437217712402,-4.266531944274902,0
-2.258803367614746,-3.519972324371338,-4.641938209533691,0
-2.5894479751586914,-3.841513156890869,-4.995070457458496,0
-2.874589204788208,-4.061959266662598,-5.257447242736816,0
-3.2011728286743164,-4.236133575439453,-5.415435314178467,0
-3.5080244541168213,-4.316003322601318,-5.507870197296143,0
-3.7700068950653076,-4.167680740356445,-5.458346366882324,0
-3.9376490116119385,-3.9326958656311035,-5.187594413757324,0
-3.8211658000946045,-3.585214138031006,-4.915170192718506,0
-3.5913028717041016,-3.235842227935791,-4.56376838684082,0
-3.376053810119629,-2.8946657180786133,-4.079977989196777,0
-3.0671684741973877,-2.643490791320801,-3.510831832885742,0
-2.755786895751953,-2.456472396850586,-2.9150478839874268,0
-2.4807724952697754,-2.3150811195373535,-2.2505693435668945,0
-2.1948816776275635,-2.234231472015381,-1.597465991973877,0
-1.8842198848724365,-2.319505214691162,-1.0791292190551758,0
-1.582441806793213,-2.5040998458862305,-0.6564309597015381,0
-1.3181793689727783,-2.8025078773498535,-0.3167457580566406,0
-1.0552388429641724,-3.143004894256592,-0.05965757369995117,0
-0.7982233762741089,-3.546985149383545,0.10050630569458008,0
-0.6327828168869019,-3.992704391479492,0.16365432739257812,0
-0.4912000298500061,-4.427265644073486,0.23949527740478516,0
-0.30320870876312256,-4.914930820465088,0.2796297073364258,0
-0.14900624752044678,-5.419427394866943,0.3384687900543213,0
0.008765816688537598,-5.875743865966797,0.3864281177520752,0
0.044277727603912354,-6.285859107971191,0.4681065082550049,0
-0.17156639695167542,-6.544293403625488,0.6118237972259521,0
-0.48328107595443726,-6.82305383682251,0.8052353858947754,0
-0.6227179765701294,-7.2533416748046875,0.9547948837280273,0
-0.789278507232666,-7.194097518920898,1.1949779987335205,0
-0.9377871751785278,-6.961755752563477,1.5699055194854736,0
-0.9718723893165588,-6.640326499938965,1.9154281616210938,0
-0.7974367141723633,-5.895086288452148,2.210786819458008,0
-0.6055890917778015,-4.671192646026611,2.3844926357269287,0
-0.30374643206596375,-3.248190402984619,2.462083101272583,0
-0.14744573831558228,-1.4650635719299316,2.3653194904327393,0
-0.07760053873062134,0.7795124053955078,2.1866865158081055,0
-0.26117873191833496,3.443366050720215,1.9213640689849854,0
-0.22956417500972748,6.345686912536621,1.4959654808044434,0
-0.29902949929237366,9.534972190856934,1.1072938442230225,0
-0.37350794672966003,12.721872329711914,1.08479642868042,0
-0.25038960576057434,15.047356605529785,1.589158058166504,0
-0.03900688886642456,15.74337100982666,2.840961217880249,0
0.12681236863136292,15.329306602478027,4.841909885406494,0
0.45060884952545166,13.169578552246094,6.710599899291992,0
0.9913966655731201,9.033770561218262,7.764908790588379,0
1.5594427585601807,5.288500785827637,8.241851806640625,0
1.9318150281906128,2.977663040161133,8.121589660644531,0
1.8594210147857666,2.245163917541504,7.2412919998168945,0
1.5307120084762573,2.821383476257324,5.804818630218506,0
0.8697220087051392,4.322277069091797,3.816866636276245,0
0.16032691299915314,5.390836715698242,1.3977441787719727,0
-0.34796997904777527,5.3933515548706055,-1.2011960744857788,0
-0.6298732757568359,5.092721939086914,-3.3414554595947266,0
-1.0414199829101562,4.502405166625977,-5.243194103240967,0
-1.7879959344863892,3.856719970703125,-6.813928604125977,0
-2.6864075660705566,3.0752925872802734,-8.130985260009766,0
-3.685009002685547,2.2266407012939453,-8.809935569763184,0
-4.515618801116943,1.2713985443115234,-8.664754867553711,0
-5.186961650848389,0.007616996765136719,-7.684676170349121,0
-5.659007549285889,-1.5103340148925781,-5.85139799118042,0
-5.990846633911133,-3.1158499717712402,-3.6134352684020996,0
-6.147454261779785,-4.5434184074401855,-1.2641695737838745,0
-5.825525760650635,-5.369009017944336,0.8291372060775757,0
-4.587134838104248,-5.305428504943848,2.0274672508239746,0
-2.3437838554382324,-4.949967861175537,2.0177550315856934,0
-0.19229039549827576,-4.752833843231201,1.0284535884857178,0
1.2493183612823486,-4.740134239196777,-0.47703254222869873,0
2.0551795959472656,-4.7201828956604,-2.118363857269287,0
2.291020393371582,-4.45844030380249,-3.6477150917053223,0
2.2494876384735107,-4.115157127380371,-4.954073905944824,0
1.9687488079071045,-3.6544394493103027,-5.9332475662231445,0
1.5147323608398438,-3.059772491455078,-6.451666355133057,0
1.064906120300293,-2.2621965408325195,-6.597917556762695,0
0.6462980508804321,-1.3172998428344727,-6.541067600250244,0
0.22202730178833008,-0.29978466033935547,-6.195964336395264,0
-0.24451029300689697,0.9142494201660156,-5.5805864334106445,0
-0.8593280911445618,2.233452796936035,-4.634683609008789,0
-1.3743082284927368,3.542722702026367,-3.1786787509918213,0
-1.8981740474700928,4.621710777282715,-0.8814985156059265,0
-2.1950316429138184,5.288416862487793,2.07736873626709,0
-2.0231144428253174,5.12672233581543,4.831518650054932,0
-1.2236218452453613,4.03245735168457,5.996705532073975,0
-0.19955748319625854,2.4740447998046875,4.734152793884277,0
0.44973650574684143,1.2544012069702148,2.1872260570526123,0
0.6199797987937927,0.4266529083251953,-0.38883018493652344,0
0.6853694319725037,-0.0952911376953125,-2.4958033561706543,0
0.4818432033061981,-0.3977203369140625,-4.119576454162598,0
0.139864981174469,-0.49289608001708984,-5.251483917236328,0
-0.14061760902404785,-0.5916156768798828,-5.788331508636475,0
-0.3346216678619385,-0.780085563659668,-5.937615871429443,0
-0.5129315257072449,-0.9841814041137695,-5.68176794052124,0
-0.6078627705574036,-1.2565946578979492,-5.055824279785156,0
-0.7144728899002075,-1.5184879302978516,-3.9166197776794434,0
-0.8274863362312317,-1.6552400588989258,-2.4437129497528076,0
-1.002171277999878,-1.765127182006836,-1.1831488609313965,0
-1.0310893058776855,-1.750131607055664,-0.7249758243560791,0
-1.1163095235824585,-1.6820993423461914,0.2821095883846283,0
-1.0773372650146484,-1.728428840637207,0.7547352313995361,0
-0.8650069236755371,-1.6474180221557617,1.0375646352767944,0
-0.5136492252349854,-1.635293960571289,1.140143871307373,0
-0.2677820920944214,-1.675276756286621,1.1511670351028442,0
-0.07229793071746826,-1.666947364807129,0.9688867330551147,0
0.06617814302444458,-1.725174903869629,0.6529781222343445,0
0.1385887861251831,-1.7518863677978516,0.4081712067127228,0
0.1092376708984375,-1.5965328216552734,0.25123822689056396,0
0.06169915199279785,-1.453068733215332,0.07948369532823563,0
0.01730489730834961,-1.1517276763916016,-0.1312970072031021,0
0.018917441368103027,-0.845728874206543,-0.38453492522239685,0
0.1932392716407776,-0.6474180221557617,-0.6436263918876648,0
0.3439021110534668,-0.374908447265625,-0.9043565988540649,0
0.3842238187789917,-0.15029335021972656,-0.9620506763458252,0
0.5363669991493225,0.07187652587890625,-0.8082937598228455,0
0.649307906627655,0.20548248291015625,-0.5491749048233032,0
0.9024542570114136,0.19802093505859375,-0.24494493007659912,0
1.0948927402496338,0.09030914306640625,0.013061940670013428,0
1.2554594278335571,0.0020084381103515625,0.22204236686229706,0
1.393934965133667,-0.23191452026367188,0.31690844893455505,0
1.3811488151550293,-0.43915462493896484,0.42677178978919983,0
1.5475462675094604,-0.657989501953125,0.5276636481285095,0
1.5704946517944336,-0.8907480239868164,0.6365023851394653,0
1.536228895187378,-0.9580545425415039,0.7946537733078003,0
1.3848797082901,-1.0681133270263672,1.0245229005813599,0
1.4637633562088013,-1.1825180053710938,1.1184031963348389,0
1.4882429838180542,-1.210331916809082,1.2059166431427002,0
1.3650130033493042,-1.228165626525879,1.272960901260376,0
1.1561427116394043,-1.3604040145874023,1.3147211074829102,0
1.0243101119995117,-1.3486719131469727,1.3787585496902466,0
0.8619679808616638,-1.2314214706420898,1.4070680141448975,0
0.7507991790771484,-1.0661554336547852,1.544985055923462,0
0.648125410079956,-0.6951179504394531,1.6863746643066406,0
0.4919555187225342,-0.28839111328125,1.827948808670044,0
0.41417574882507324,-0.0110626220703125,1.9232234954833984,0
0.1944981813430786,0.022124290466308594,2.050402879714966,0
0.07429051399230957,-0.0069637298583984375,2.0914480686187744,0
0.24023592472076416,-0.11019515991210938,2.158597946166992,0
0.47670507431030273,-0.06268310546875,2.288206100463867,0
0.7182945013046265,0.0779266357421875,2.4498631954193115,0
1.177016258239746,0.177490234375,2.52197265625,0
1.5767245292663574,0.2789268493652344,2.5479254722595215,0
2.007275104522705,0.6377849578857422,2.4890847206115723,0
2.4672605991363525,1.009526252746582,2.4220590591430664,0
2.9743690490722656,1.4871206283569336,2.359503746032715,0
3.3788397312164307,2.0725278854370117,2.2828142642974854,0
3.724695920944214,2.619333267211914,1.7181320190429688,0
3.888979434967041,3.172701835632324,0.9094042181968689,0
3.9237499237060547,3.5841455459594727,-0.0911564826965332,0
3.7874202728271484,4.135678291320801,-1.2845311164855957,0
3.5221381187438965,4.516109466552734,-2.281153678894043,0
3.359462261199951,4.776003837585449,-2.7935774326324463,0
3.313419818878174,4.8035173416137695,-2.7245900630950928,0
3.4746809005737305,4.912713050842285,-2.066972255706787,0
3.93426513671875,5.290630340576172,-0.9044158458709717,0
4.569089412689209,5.772724151611328,0.7480574250221252,0
5.475528717041016,6.175632476806641,2.591615676879883,0
6.47683048248291,6.672415733337402,3.9657928943634033,0
7.194324493408203,7.060225486755371,4.217308044433594,0
7.33847713470459,7.045310020446777,3.3356130123138428,0
6.381345748901367,6.286139488220215,1.9471278190612793,0
3.832402467727661,5.196730613708496,0.8527119755744934,0
0.7916802763938904,4.092459678649902,0.39196011424064636,0
-1.1170828342437744,3.0783767700195312,0.2049279510974884,0
-2.2812628746032715,2.2645092010498047,0.15719036757946014,0
-2.8614087104797363,1.7848749160766602,0.44094887375831604,0
-3.117006778717041,1.5438175201416016,1.0765259265899658,0
-3.1624512672424316,1.6107425689697266,1.839782476425171,0
-3.032150983810425,1.8253374099731445,2.4482662677764893,0
-2.7504544258117676,2.060898780822754,2.708930253982544,0
-2.404172420501709,2.1645421981811523,2.537677049636841,0
-2.1306419372558594,2.1485633850097656,2.0866966247558594,0
-1.8568021059036255,1.8626422882080078,1.4894943237304688,0
-1.5762665271759033,1.3860702514648438,0.9698666930198669,0
-1.3489809036254883,0.7953243255615234,0.5963189601898193,0
-1.086695909500122,0.19515323638916016,0.2755308151245117,0
-0.8431886434555054,-0.3003692626953125,-0.1300506591796875,0
-0.7162242531776428,-0.6609373092651367,-0.5299006104469299,0
-0.7382828593254089,-0.8513126373291016,-1.1463834047317505,0
-0.9405580759048462,-1.0415687561035156,-1.8930354118347168,0
-1.105952262878418,-1.3128471374511719,-2.56259822845459,0
-1.559096097946167,-1.4998083114624023,-3.2210583686828613,0
-2.0360307693481445,-1.618906021118164,-3.738696813583374,0
-2.5574495792388916,-1.6983838081359863,-4.275595664978027,0
-3.0716168880462646,-1.785482406616211,-4.756959438323975,0
-3.24604868888855,-1.7504510879516602,-5.006368160247803,0
-3.2185301780700684,-1.5164098739624023,-4.898401260375977,0
-2.806879997253418,-1.1382627487182617,-4.394214153289795,0
-1.982305645942688,-0.6875638961791992,-3.6860926151275635,0
-1.2197725772857666,-0.061287879943847656,-2.860628604888916,0
-0.4935683608055115,0.845458984375,-1.802414059638977,0
0.17515593767166138,1.988051414489746,0.027859926223754883,0
0.6644726991653442,3.466935157775879,2.275604248046875,0
0.7989367246627808,4.8062238693237305,3.8622262477874756,0
0.30164819955825806,5.614513397216797,4.356466293334961,0
-0.4373088479042053,5.705076217651367,3.888554334640503,0
-1.1236144304275513,4.937707901000977,2.8782858848571777,0
-1.4975759983062744,3.753751754760742,1.7471773624420166,0
-1.7479832172393799,2.3550615310668945,0.6294591426849365,0
-2.121767520904541,1.0197782516479492,-0.34987902641296387,0
-2.5080642700195312,-0.12751007080078125,-1.0532262325286865,0
-2.8904454708099365,-1.0197362899780273,-1.6418380737304688,0
-3.112981081008911,-1.757272720336914,-2.219383716583252,0
-3.247437000274658,-2.370967388153076,-2.858564853668213,0
-3.284651041030884,-2.8651299476623535,-3.5919339656829834,0
-3.1637566089630127,-3.291862964630127,-4.330193042755127,0
-3.090075731277466,-3.719959259033203,-5.048690319061279,0
-2.8791580200195312,-4.098608493804932,-5.615084648132324,0
-2.5765717029571533,-4.410553455352783,-6.086022853851318,0
-2.2999155521392822,-4.700769901275635,-6.357693672180176,0
-1.9872492551803589,-4.952120780944824,-6.4193315505981445,0
-1.6798070669174194,-5.097615718841553,-6.163666725158691,0
-1.3777523040771484,-5.109003067016602,-5.757589340209961,0
-1.1933118104934692,-4.991846084594727,-5.187798500061035,0
-1.0640121698379517,-4.639678955078125,-4.461816787719727,0
-0.9605904817581177,-4.292964935302734,-3.752115249633789,0
-0.8607253432273865,-3.883483409881592,-3.051626682281494,0
-0.8356257677078247,-3.534358024597168,-2.319993019104004,0
-0.7967575788497925,-3.241645336151123,-1.644071340560913,0
-0.7034279108047485,-3.070789337158203,-0.9862198829650879,0
-0.5529053211212158,-3.0848193168640137,-0.11983489990234375,0
-0.34782740473747253,-3.2076101303100586,0.4896697998046875,0
-0.2010674774646759,-3.460749626159668,0.9697322845458984,0
-0.11321313679218292,-3.765115737915039,1.3061766624450684,0
-0.054588064551353455,-3.900416851043701,1.553971290588379,0
-0.1542113721370697,-4.385159015655518,1.6788663864135742,0
-0.3039970099925995,-4.8428544998168945,1.7422075271606445,0
-0.5184851884841919,-5.18209171295166,1.7791752815246582,0
-0.7030026912689209,-5.409638404846191,1.8226394653320312,0
-0.8709912300109863,-5.35054874420166,1.8313663005828857,0
-0.9670042991638184,-5.776646614074707,1.7154839038848877,0
-0.8325546979904175,-6.11279296875,1.6653382778167725,0
-0.6750045418739319,-6.365843772888184,1.6467640399932861,0
-0.47877630591392517,-6.561857223510742,1.6592857837677002,0
-0.24513937532901764,-6.590883255004883,1.841944694519043,0
0.007063508033752441,-6.197550296783447,2.0763092041015625,0
0.24944975972175598,-5.336895942687988,2.143012762069702,0
0.5804396867752075,-4.040078639984131,1.9892046451568604,0
0.9443160891532898,-2.536463737487793,1.841146469116211,0
1.0522111654281616,-0.8036117553710938,1.571556806564331,0
0.966342031955719,1.6928977966308594,1.1350963115692139,0
0.8892706632614136,4.66435432434082,0.515993595123291,0
0.7813754081726074,7.786494255065918,-0.12361574172973633,0
0.5627584457397461,11.282663345336914,-0.5931049585342407,0
0.3670022785663605,14.392448425292969,-0.345737099647522,0
0.4801090955734253,16.252498626708984,0.9187440872192383,0
0.9178450107574463,16.480175018310547,3.3435161113739014,0
1.19382905960083,15.773502349853516,6.286199569702148,0
1.266116738319397,13.813836097717285,8.627958297729492,0
1.2795026302337646,11.139816284179688,9.563398361206055,0
1.106532335281372,9.110214233398438,9.299226760864258,0
0.7468340396881104,7.954031944274902,8.101839065551758,0
0.411178320646286,7.228242874145508,6.136168479919434,0
0.5434733033180237,6.441902160644531,3.6720597743988037,0
0.5525060892105103,5.55299186706543,1.253385305404663,0
0.21648789942264557,4.868073463439941,-1.1775833368301392,0
-0.5485591292381287,4.060366630554199,-3.540154457092285,0
-1.889275312423706,2.9504146575927734,-5.5084943771362305,0
-3.4259283542633057,1.6080617904663086,-6.786611557006836,0
-4.8969011306762695,-0.0783843994140625,-7.5240373611450195,0
-6.006239891052246,-1.9451446533203125,-7.97148323059082,0
-6.597983360290527,-3.735226631164551,-8.16476058959961,0
-6.795541763305664,-5.330564022064209,-8.001630783081055,0
-6.77576208114624,-6.543849468231201,-7.512293815612793,0
-6.536620140075684,-7.486842632293701,-6.579642295837402,0
-6.242431640625,-8.28541374206543,-5.355891227722168,0
-5.91851282119751,-9.039021492004395,-4.10150146484375,0
-5.189181327819824,-9.644221305847168,-3.015296459197998,0
-3.630434513092041,-9.654045104980469,-2.266350746154785,0
-1.0458461046218872,-8.586746215820312,-1.9029711484909058,0
1.397104024887085,-6.910492897033691,-2.039058208465576,0
2.9301209449768066,-5.250638484954834,-2.629810094833374,0
3.0954482555389404,-3.76314640045166,-3.5560646057128906,0
2.790285348892212,-2.0180368423461914,-4.344930648803711,0
2.2949399948120117,0.16300678253173828,-4.966939449310303,0
1.629927158355713,2.601698875427246,-5.42666482925415,0
1.0492829084396362,4.859224319458008,-5.53780460357666,0
0.3090212941169739,6.5953474044799805,-5.330248832702637,0
-0.24349546432495117,7.611459732055664,-4.60508918762207,0
-0.3986196517944336,7.848254203796387,-3.1600029468536377,0
-0.04815995693206787,7.619907379150391,-0.9778445959091187,0
1.0548850297927856,6.475129127502441,2.6113080978393555,0
2.823786735534668,4.427471160888672,6.094558238983154,0
4.062251567840576,1.8377656936645508,7.891972064971924,0
3.916053056716919,-0.11083984375,7.4408979415893555,0
2.777238130569458,-1.0783872604370117,5.283131122589111,0
1.3245058059692383,-1.4143333435058594,2.6023435592651367,0
0.292633056640625,-1.537393569946289,0.03180956840515137,0
-0.5152190923690796,-1.4572992324829102,-2.126011371612549,0
-1.1450650691986084,-1.2988357543945312,-3.7265660762786865,0
-1.4481158256530762,-1.1556243896484375,-4.714037895202637,0
-1.263049602508545,-1.1355667114257812,-5.095358371734619,0
-0.9382277727127075,-1.3727607727050781,-5.101410388946533,0
-0.7243596315383911,-1.644857406616211,-4.87460994720459,0
-0.7343308925628662,-1.789586067199707,-4.536087989807129,0
-0.8376604914665222,-1.9221973419189453,-4.250667572021484,0
-0.8611565828323364,-1.877917766571045,-4.00492525100708,0
-1.0503692626953125,-1.9870810508728027,-3.2933871746063232,0
-1.0975711345672607,-2.0917530059814453,-2.5031702518463135,0
-1.0127239227294922,-2.1751317977905273,-1.6964640617370605,0
-0.8699457049369812,-2.0720582008361816,-1.1232283115386963,0
-0.5375970005989075,-1.9618620872497559,-0.5173937678337097,0
-0.06122398376464844,-1.727182388305664,0.2549859881401062,0
0.2189580798149109,-1.2580442428588867,1.1379286050796509,0
0.3481318950653076,-0.7770414352416992,1.8816689252853394,0
0.3887835741043091,-0.43480587005615234,2.376624584197998,0
0.27455735206604004,-0.27663612365722656,2.4984726905822754,0
0.20233780145645142,-0.31432151794433594,2.278172492980957,0
0.1819668412208557,-0.2751131057739258,1.7593716382980347,0
0.15821003913879395,-0.2548398971557617,1.0645852088928223,0
0.2743828296661377,-0.15787887573242188,0.320438951253891,0
0.44391947984695435,0.010886192321777344,-0.36218956112861633,0
0.3600273132324219,0.18199825286865234,-1.0407639741897583,0
0.5273029208183289,0.22157859802246094,-1.5246385335922241,0
0.6536069512367249,0.25415897369384766,-1.7527083158493042,0
0.7436213493347168,0.22714900970458984,-1.7403010129928589,0
0.9146741628646851,0.025880813598632812,-1.3656452894210815,0
1.0593074560165405,-0.28960514068603516,-0.8201879262924194,0
1.197081208229065,-0.6186742782592773,-0.21867968142032623,0
1.345402717590332,-1.0090341567993164,0.24238547682762146,0
1.214951992034912,-1.211930274963379,0.552830696105957,0
1.0811327695846558,-1.5695323944091797,0.7715851068496704,0
0.951332688331604,-1.7469019889831543,0.8787401914596558,0
0.7200273275375366,-1.7036771774291992,0.9912760257720947,0
0.5453238487243652,-1.7772746086120605,1.068525791168213,0
0.47320061922073364,-1.6637983322143555,1.043766975402832,0
0.42722266912460327,-1.4973344802856445,1.020422101020813,0
0.3525325655937195,-1.2802515029907227,1.001763105392456,0
0.2447289228439331,-1.0316228866577148,0.9980467557907104,0
0.2500038146972656,-0.9020299911499023,0.9496719837188721,0
0.2606942653656006,-0.6163339614868164,0.8537227511405945,0
0.20721042156219482,-0.38521480560302734,0.7762563824653625,0
0.13934743404388428,-0.2398548126220703,0.7230335474014282,0
0.07802104949951172,-0.13016796112060547,0.7474871873855591,0
0.11598610877990723,-0.10657691955566406,0.7952717542648315,0
0.058608055114746094,0.22527599334716797,0.9585918188095093,0
0.11114096641540527,0.20245361328125,1.2030658721923828,0
0.20850038528442383,0.06680011749267578,1.5120515823364258,0
0.24004042148590088,0.11500072479248047,2.1600122451782227,0
0.401666522026062,0.24649333953857422,2.8732876777648926,0
0.93758624792099,0.2437458038330078,3.4351413249969482,0
1.4529285430908203,0.4249439239501953,3.671097993850708,0
1.9255820512771606,0.7944135665893555,3.4564387798309326,0
2.366105318069458,1.3611631393432617,3.009357452392578,0
2.7010607719421387,2.0003890991210938,2.9442715644836426,0
3.411471366882324,2.7066144943237305,1.9136042594909668,0
3.930866241455078,2.9197473526000977,0.8003401756286621,0
4.34675407409668,2.783633232116699,0.07163035869598389,0
4.708851337432861,2.6788463592529297,-0.5252745747566223,0
5.116249084472656,1.8788375854492188,-0.5010503530502319,0
5.421656608581543,1.3651056289672852,-0.5544323921203613,0
5.760234832763672,0.9629487991333008,-0.5237204432487488,0
5.967774391174316,0.9903144836425781,-0.4037153124809265,0
6.2104034423828125,1.2794265747070312,-0.11968868970870972,0
6.537290573120117,1.6819915771484375,0.26502448320388794,0
6.669853687286377,2.2674922943115234,0.6611311435699463,0
6.626298904418945,3.1339759826660156,0.7807446718215942,0
6.326112270355225,4.0133562088012695,0.47919318079948425,0
5.774216175079346,4.707096099853516,-0.1085132360458374,0
5.250467300415039,5.074399948120117,-0.727142333984375,0
4.922395706176758,5.163776397705078,-0.9691762924194336,0
4.656136512756348,5.004631042480469,-0.7274689078330994,0
4.423544883728027,4.7721967697143555,-0.04041126370429993,0
3.6498475074768066,4.543126106262207,0.9574806094169617,0
1.0398027896881104,4.302455902099609,2.0559279918670654,0
-1.2530171871185303,3.8250904083251953,2.9106943607330322,0
-2.626249313354492,3.314812660217285,3.3337936401367188,0
-3.619468927383423,2.918166160583496,3.5538265705108643,0
-4.323622226715088,2.748249053955078,3.518629550933838,0
-4.781737327575684,2.8606252670288086,3.257354974746704,0
-4.987214088439941,3.0547428131103516,2.9087977409362793,0
-5.081813335418701,3.3452701568603516,2.624657392501831,0
-5.001615524291992,3.5505294799804688,2.358142137527466,0
-4.92926025390625,3.546257972717285,1.997178554534912,0
-4.6847124099731445,3.397031784057617,1.60866117477417,0
-4.4767022132873535,3.179133415222168,1.158581018447876,0
-4.256669998168945,2.970993995666504,0.636772632598877,0
-4.225714683532715,2.9728641510009766,0.08274626731872559,0
-4.280895233154297,2.8802032470703125,-0.5620161294937134,0
-4.287750244140625,2.589545249938965,-1.1039187908172607,0
-4.165642261505127,2.3467721939086914,-1.663445234298706,0
-3.734501361846924,2.098844528198242,-2.2903969287872314,0
-3.5730433464050293,1.740478515625,-3.0120785236358643,0
-3.3985776901245117,1.4105682373046875,-3.4927077293395996,0
-3.1678290367126465,1.1572494506835938,-3.8258261680603027,0
-2.8349201679229736,1.0264759063720703,-4.1007981300354,0
-2.334932327270508,0.9732580184936523,-4.215118885040283,0
-1.6336332559585571,0.8737697601318359,-4.171354293823242,0
-0.9842005968093872,0.8482646942138672,-3.991076707839966,0
-0.5420203804969788,0.7752475738525391,-3.673689365386963,0
-0.2113877832889557,0.7890920639038086,-3.213059425354004,0
0.032125040888786316,0.6961469650268555,-2.6258342266082764,0
0.16023074090480804,0.8240108489990234,-1.9732264280319214,0
0.2493162900209427,0.9306297302246094,-1.2896593809127808,0
0.25581035017967224,1.0011978149414062,-0.6903395652770996,0
0.2244994342327118,0.994441032409668,-0.1322154998779297,0
0.22147926688194275,0.9526252746582031,0.3921172618865967,0
0.14558690786361694,0.8820056915283203,0.7584366798400879,0
0.03953889012336731,0.7792654037475586,0.9523313045501709,0
-0.1686871349811554,0.586064338684082,1.04056978225708,0
-0.2682575285434723,0.3712120056152344,0.9739394187927246,0
-0.3254125118255615,0.06266307830810547,0.7215766906738281,0
-0.34856435656547546,-0.17216110229492188,0.42176389694213867,0
-0.36519572138786316,-0.42888355255126953,0.08310341835021973,0
-0.3955835998058319,-0.7550420761108398,-0.30997776985168457,0
-0.37623944878578186,-1.057032585144043,-0.701277494430542,0
-0.43081361055374146,-1.3657054901123047,-1.142087459564209,0
-0.5761178731918335,-1.797933578491211,-1.5901901721954346,0
-0.6803361177444458,-2.12149715423584,-2.10351300239563,0
-0.829613208770752,-2.4202041625976562,-2.6104514598846436,0
-1.0581693649291992,-2.7418251037597656,-3.173337459564209,0
-1.3239983320236206,-3.160175323486328,-3.7041015625,0
-1.604304552078247,-3.409295082092285,-4.251343727111816,0
-1.9313197135925293,-3.6992664337158203,-4.837529182434082,0
-2.1815664768218994,-3.9241795539855957,-5.427955150604248,0
-2.47078275680542,-4.088329315185547,-5.918442726135254,0
-2.739997386932373,-4.200850486755371,-6.240636825561523,0
-2.9994988441467285,-4.199240207672119,-6.4575653076171875,0
-3.1244237422943115,-4.050116062164307,-6.514530181884766,0
-3.0197455883026123,-3.8448386192321777,-6.354065895080566,0
-2.8200435638427734,-3.63191556930542,-5.8799333572387695,0
-2.612269401550293,-3.4168810844421387,-5.21807861328125,0
-2.4147419929504395,-3.277129650115967,-4.443648338317871,0
-2.249032974243164,-3.2421822547912598,-3.5692663192749023,0
-2.189939022064209,-3.262570858001709,-2.7150981426239014,0
-2.140329122543335,-3.3939132690429688,-1.9703969955444336,0
-2.1487679481506348,-3.6726131439208984,-1.2091906070709229,0
-2.2399864196777344,-4.008053302764893,-0.5978143215179443,0
-2.325962781906128,-4.347787857055664,-0.11153316497802734,0
-2.1769464015960693,-4.703893661499023,0.30512571334838867,0
-1.9741472005844116,-5.019006729125977,0.5925807952880859,0
-1.7022393941879272,-5.326665878295898,0.8395357131958008,0
-1.4870986938476562,-5.621911525726318,0.9812664985656738,0
-1.358707070350647,-5.966617107391357,1.1250877380371094,0
-1.306607961654663,-6.322052478790283,1.2441892623901367,0
-1.2033745050430298,-6.532402992248535,1.333491563796997,0
-1.249560832977295,-6.669162750244141,1.5266287326812744,0
-1.3294341564178467,-7.209929466247559,1.5976731777191162,0
-1.4142388105392456,-7.3214030265808105,1.6439764499664307,0
-1.566352367401123,-7.4265313148498535,1.604651927947998,0
-1.6998367309570312,-7.263665676116943,1.3942904472351074,0
-1.8390400409698486,-6.796504020690918,1.1121954917907715,0
-1.7949882745742798,-5.933917045593262,0.8576204776763916,0
-1.453552007675171,-4.824032783508301,0.6053459644317627,0
-0.8302306532859802,-3.4234237670898438,0.43972158432006836,0
0.01996058225631714,-1.557124137878418,0.3296630382537842,0
0.80564945936203,0.839625358581543,0.2770812511444092,0
1.526179313659668,3.8003482818603516,0.3908388614654541,0
2.2957961559295654,7.162441253662109,0.7882637977600098,0
2.726180076599121,11.294245719909668,1.3183104991912842,0
3.053623914718628,15.295685768127441,1.8540821075439453,0
3.5498242378234863,18.044307708740234,3.1419906616210938,0
4.301965236663818,19.18335723876953,5.171931743621826,0
4.872734546661377,19.26544189453125,7.5152587890625,0
5.174623489379883,17.917705535888672,9.423762321472168,0
5.4107818603515625,15.332348823547363,10.681612014770508,0
4.473884105682373,12.283018112182617,10.656441688537598,0
3.4616026878356934,10.363007545471191,9.687759399414062,0
2.6554982662200928,9.793777465820312,8.26434326171875,0
2.0293543338775635,9.674888610839844,6.595456123352051,0
1.3646892309188843,8.984704971313477,4.482917785644531,0
0.6958996057510376,7.988722801208496,2.479609251022339,0
-0.18341347575187683,6.626619338989258,0.4072260856628418,0
-1.2948365211486816,4.91487979888916,-1.793487548828125,0
-2.5334174633026123,3.0471839904785156,-3.768829822540283,0
-3.602717876434326,1.2457389831542969,-5.1966729164123535,0
-4.629169940948486,-0.6951818466186523,-6.19645881652832,0
-5.4542555809021,-2.669649124145508,-6.94691276550293,0
-6.0136566162109375,-4.523636341094971,-7.329251289367676,0
-6.356215000152588,-6.205901145935059,-7.316945552825928,0
-6.506499290466309,-7.667773246765137,-6.984106540679932,0
-6.522592067718506,-8.794073104858398,-6.262545108795166,0
-6.407713413238525,-9.627962112426758,-5.27398157119751,0
-6.241949558258057,-10.071718215942383,-4.244089126586914,0
-5.9952192306518555,-10.281179428100586,-3.3961403369903564,0
-5.711524486541748,-10.2684326171875,-2.79364275932312,0
-5.166714668273926,-9.892541885375977,-2.440279483795166,0
-3.4897053241729736,-8.93386459350586,-2.4568262100219727,0
-1.5405869483947754,-7.636837005615234,-2.751239776611328,0
-0.001602470874786377,-6.3842926025390625,-3.0636110305786133,0
0.9307096004486084,-5.4725189208984375,-3.3894906044006348,0
1.4679104089736938,-4.470607280731201,-3.565676212310791,0
1.6504619121551514,-3.0750789642333984,-3.5952577590942383,0
1.5514001846313477,-1.3106632232666016,-3.446448802947998,0
1.252854347229004,0.6015405654907227,-3.054940700531006,0
0.8409854173660278,2.540811538696289,-2.5588977336883545,0
0.2049415111541748,4.544107437133789,-2.0458812713623047,0
-0.5961081981658936,6.373263359069824,-1.4483611583709717,0
-1.390562653541565,7.7186479568481445,-0.60362708568573,0
-2.148188591003418,8.54843807220459,0.6290069818496704,0
-2.433988332748413,8.690350532531738,1.995762586593628,0
-1.8189319372177124,7.81803035736084,2.7868146896362305,0
-0.4223778247833252,5.676024436950684,2.59920072555542,0
0.6999044418334961,3.3222436904907227,1.826943278312683,0
1.4139466285705566,1.3681468963623047,0.9458627700805664,0
1.9759358167648315,-0.07815361022949219,0.03592479228973389,0
2.4120218753814697,-1.0812864303588867,-0.8546234369277954,0
2.72658634185791,-1.6296110153198242,-1.6519083976745605,0
2.8207874298095703,-1.8097758293151855,-2.4575793743133545,0
2.679478645324707,-1.684584617614746,-3.2036828994750977,0
2.320868968963623,-1.4412145614624023,-3.6962780952453613,0
1.774486780166626,-1.0873441696166992,-3.9081525802612305,0
1.1891546249389648,-0.8362340927124023,-3.9485957622528076,0
0.629900336265564,-0.8433914184570312,-3.881939172744751,0
0.27144986391067505,-0.8982439041137695,-3.7155981063842773,0
0.008966565132141113,-1.051046371459961,-3.1007354259490967,0
-0.13574844598770142,-1.1199893951416016,-2.3688244819641113,0
-0.2727842926979065,-1.3347387313842773,-1.4855120182037354,0
-0.40215760469436646,-1.553999900817871,-0.778062105178833,0
-0.42329275608062744,-1.5767745971679688,-0.2899019122123718,0
-0.38658130168914795,-1.5633573532104492,0.09271800518035889,0
-0.3450261950492859,-1.6212530136108398,0.3607600927352905,0
-0.301372230052948,-1.728734016418457,0.5691282749176025,0
-0.17206817865371704,-1.9191222190856934,0.6335196495056152,0
-0.08408612012863159,-2.034493923187256,0.6687029004096985,0
-0.07349216938018799,-2.103710174560547,0.7544724941253662,0
-0.1764235496520996,-1.988265037536621,0.8665573596954346,0
-0.3426753282546997,-1.9419546127319336,0.9893845915794373,0
-0.4934313893318176,-1.6563348770141602,1.1253541707992554,0
-0.5832717418670654,-1.2465248107910156,1.1789811849594116,0
-0.6072922945022583,-0.837010383605957,1.1120866537094116,0
-0.5510786771774292,-0.5018806457519531,0.8855862617492676,0
-0.43384432792663574,-0.23382854461669922,0.5313306450843811,0
-0.26530134677886963,0.01987171173095703,0.09473276883363724,0
-0.0744551420211792,0.2616424560546875,-0.3820318579673767,0
0.11436998844146729,0.47473716735839844,-0.6943705081939697,0
0.3054221272468567,0.6160926818847656,-0.8265846967697144,0
0.5392197966575623,0.5805721282958984,-0.7292044758796692,0
0.830157995223999,0.61468505859375,-0.49822908639907837,0
1.0634055137634277,0.5485916137695312,-0.06877204775810242,0
1.3587543964385986,0.3059501647949219,0.43763571977615356,0
1.5777544975280762,0.15245342254638672,0.8059157133102417,0
1.8669710159301758,-0.1223297119140625,1.0768316984176636,0
2.1312575340270996,-0.3531808853149414,1.2215003967285156,0
2.273040771484375,-0.4444465637207031,1.299512267112732,0
2.486499309539795,-0.40582275390625,1.2985156774520874,0
2.522820472717285,-0.4048452377319336,1.2686703205108643,0
2.5806684494018555,-0.39122867584228516,1.2722676992416382,0
2.4780421257019043,-0.24539566040039062,1.3218148946762085,0
2.497288465499878,-0.1444110870361328,1.3289294242858887,0
2.566464900970459,-0.11692047119140625,1.3267467021942139,0
2.446078300476074,-0.03379344940185547,1.3456488847732544,0
2.2866156101226807,0.0019178390502929688,1.3461451530456543,0
1.9939634799957275,0.018647193908691406,1.381646990776062,0
1.5238527059555054,0.15710830688476562,1.580226182937622,0
1.2226923704147339,0.060546875,1.9066613912582397,0
1.3202073574066162,-0.20395755767822266,2.266129493713379,0
1.2845945358276367,-0.26332759857177734,2.8428916931152344,0
0.9500946998596191,-0.1872539520263672,3.6212196350097656,0
1.3197665214538574,-0.10255146026611328,3.8068113327026367,0
1.9515596628189087,0.012478828430175781,3.615501880645752,0
2.342944860458374,0.4567070007324219,3.088747024536133,0
2.6005609035491943,1.0908584594726562,2.4285316467285156,0
2.923539400100708,1.7015600204467773,1.5256668329238892,0
3.1567940711975098,2.23114013671875,0.6875905394554138,0
3.444554567337036,2.4666805267333984,0.17414557933807373,0
3.8460071086883545,2.0284738540649414,0.14506661891937256,0
4.363243579864502,1.8284311294555664,0.07235264778137207,0
4.733431339263916,1.478968620300293,0.24540424346923828,0
5.0404791831970215,1.3603382110595703,0.3420524001121521,0
5.2441864013671875,1.3908758163452148,0.6329630613327026,0
5.536460876464844,1.622964859008789,0.9388712048530579,0
5.975295066833496,2.0540647506713867,1.1674423217773438,0
6.181678295135498,2.7511720657348633,1.2843085527420044,0
6.226720809936523,3.625819206237793,0.9468219876289368,0
5.887102127075195,4.510660171508789,0.18776357173919678,0
5.329030990600586,5.238495826721191,-0.8213193416595459,0
4.869044303894043,5.697391510009766,-1.7816689014434814,0
4.605984210968018,5.758973121643066,-2.2834744453430176,0
4.363591194152832,5.455301284790039,-2.056875228881836,0
4.055722713470459,4.954493522644043,-1.2571747303009033,0
1.992021083831787,4.655581474304199,0.02691817283630371,0
-0.681297779083252,4.586226463317871,1.4510897397994995,0
-2.684140205383301,4.296424865722656,2.6306259632110596,0
-4.002163410186768,3.9374380111694336,3.5551815032958984,0
-4.8030805587768555,3.677456855773926,4.151732444763184,0
-5.195826530456543,3.6822996139526367,4.197018623352051,0
-5.346505165100098,3.902411460876465,3.8572511672973633,0
-5.220549583435059,4.032315254211426,3.308009386062622,0
-5.011584281921387,4.048784255981445,2.7338778972625732,0
-4.818335056304932,3.940204620361328,2.2894744873046875,0
-4.644333362579346,3.7114076614379883,1.9834935665130615,0
-4.357514381408691,3.2952728271484375,1.673147439956665,0
-4.190484046936035,2.794363021850586,1.3131580352783203,0
-4.154279708862305,2.3851499557495117,0.8599426746368408,0
-3.8054404258728027,1.987966537475586,0.4398390054702759,0
-3.6917190551757812,1.6499242782592773,-0.08676958084106445,0
-3.7846767902374268,1.3844308853149414,-0.5982227325439453,0
-3.8642733097076416,1.1210803985595703,-1.1807022094726562,0
-3.9199626445770264,0.9333009719848633,-1.744706392288208,0
-3.9137187004089355,0.7154140472412109,-2.2976253032684326,0
-3.8785746097564697,0.4218559265136719,-2.859316349029541,0
-3.8021349906921387,0.19385910034179688,-3.3355627059936523,0
-3.7821738719940186,0.14412593841552734,-3.7529680728912354,0
-3.6173319816589355,0.3520488739013672,-4.064858436584473,0
-3.278752326965332,0.6127128601074219,-4.137197494506836,0
-2.6732847690582275,0.9083738327026367,-4.023825645446777,0
-2.0933127403259277,1.1663179397583008,-3.749302864074707,0
-1.5059524774551392,1.3900537490844727,-3.27858829498291,0
-0.9524349570274353,1.5035285949707031,-2.695664644241333,0
-0.5913791656494141,1.5808610916137695,-1.9530447721481323,0
-0.2817009687423706,1.7890796661376953,-1.1531745195388794,0
-0.049769651144742966,1.8380279541015625,-0.32853221893310547,0
0.19333036243915558,1.7149295806884766,0.4340083599090576,0
0.3287421762943268,1.5214338302612305,0.993032693862915,0
0.3951231837272644,1.1867551803588867,1.4413127899169922,0
0.39497020840644836,0.8649816513061523,1.67716646194458,0
0.2544499635696411,0.44223499298095703,1.7013640403747559,0
0.11276096105575562,0.09237861633300781,1.4673056602478027,0
-0.09374672174453735,-0.3188457489013672,1.0824785232543945,0
-0.23453590273857117,-0.6931295394897461,0.5790913105010986,0
-0.32256144285202026,-1.0802507400512695,0.005491495132446289,0
-0.46210843324661255,-1.582343578338623,-0.5950565338134766,0
-0.42421022057533264,-1.8233604431152344,-1.162217617034912,0
-0.5170584917068481,-2.078152656555176,-1.7357981204986572,0
-0.6903409361839294,-2.460956573486328,-2.4200868606567383,0
-0.8337604999542236,-2.6603660583496094,-3.0894205570220947,0
-1.010049819946289,-2.9656624794006348,-3.6584339141845703,0
-1.2534419298171997,-3.2689108848571777,-4.125296115875244,0
-1.504857063293457,-3.6224803924560547,-4.641247749328613,0
-1.7100064754486084,-3.889647960662842,-5.183054447174072,0
-2.015958309173584,-4.041564464569092,-5.648247718811035,0
-2.2516050338745117,-4.135546684265137,-6.013250350952148,0
-2.4804019927978516,-4.16180944442749,-6.288135528564453,0
-2.6887431144714355,-4.160733699798584,-6.514269828796387,0
-2.8123619556427,-4.089147567749023,-6.567634582519531,0
-2.853156805038452,-3.942471981048584,-6.462621688842773,0
-2.7262697219848633,-3.740238666534424,-6.098580360412598,0
-2.5402257442474365,-3.552319049835205,-5.575636863708496,0
-2.4252665042877197,-3.398296356201172,-4.9554619789123535,0
-2.334848642349243,-3.2883315086364746,-4.251429080963135,0
-2.2590391635894775,-3.285252094268799,-3.47420072555542,0
-2.2145566940307617,-3.322714328765869,-2.677344560623169,0
-2.2135467529296875,-3.5017967224121094,-1.9215726852416992,0
-2.2801055908203125,-3.818237781524658,-1.0499231815338135,0
-2.3429551124572754,-4.076272964477539,-0.3770296573638916,0
-2.333191156387329,-4.465250015258789,0.23936700820922852,0
-2.2440474033355713,-4.8250508308410645,0.768974781036377,0
-2.1666581630706787,-5.194092750549316,1.2602334022521973,0
-2.02690052986145,-5.471966743469238,1.7087798118591309,0
-1.8794955015182495,-5.7998247146606445,2.0814461708068848,0
-1.6880030632019043,-6.153610706329346,2.464653491973877,0
-1.6073057651519775,-6.50929594039917,2.853977680206299,0
-1.6656138896942139,-6.644448757171631,3.273977518081665,0
-1.7715110778808594,-7.144753456115723,3.7413740158081055,0
-1.9700446128845215,-7.602640151977539,4.016627311706543,0
-2.031238555908203,-7.766303062438965,4.116024494171143,0
-2.141263484954834,-7.864641189575195,4.071962356567383,0
-2.247520923614502,-7.602570533752441,3.902338743209839,0
-2.288148880004883,-6.876574516296387,3.4763503074645996,0
-1.973720908164978,-5.867640495300293,2.71502947807312,0
-1.340395212173462,-4.455214977264404,1.6559956073760986,0
-0.5738414525985718,-2.4568309783935547,0.61385178565979,0
0.10799817740917206,0.03484535217285156,-0.5002171993255615,0
0.8166613578796387,3.0278444290161133,-1.5116658210754395,0
1.5379942655563354,6.376979827880859,-2.213937282562256,0
1.8908787965774536,10.302240371704102,-2.427509307861328,0
1.9989057779312134,14.661375045776367,-1.8642394542694092,0
2.1316699981689453,18.330974578857422,-0.18547594547271729,0
2.5597190856933594,20.242870330810547,2.733992338180542,0
3.3226542472839355,19.442298889160156,6.092439651489258,0
4.214234352111816,16.06732177734375,8.642571449279785,0
4.779420852661133,11.620104789733887,9.860239028930664,0
5.097962379455566,7.866768836975098,10.113750457763672,0
4.801138877868652,5.466671943664551,9.358028411865234,0
4.26800537109375,4.241368293762207,7.927972793579102,0
3.32051420211792,4.021885871887207,6.295478820800781,0
1.8113173246383667,4.4237060546875,4.675737380981445,0
0.24250027537345886,4.553060531616211,3.0197219848632812,0
-1.0096145868301392,4.282459259033203,0.9960870742797852,0
-1.8783949613571167,3.9484357833862305,-0.7241922616958618,0
-2.8266067504882812,3.8828392028808594,-2.3929519653320312,0
-4.015030860900879,3.4639577865600586,-3.929372549057007,0
-5.365081787109375,2.715245246887207,-5.603109359741211,0
-6.596417427062988,1.6032323837280273,-6.896099090576172,0
-7.687946319580078,0.5393753051757812,-7.497568607330322,0
-8.890935897827148,-0.6275367736816406,-7.271527290344238,0
-9.92719554901123,-1.9683771133422852,-6.326614856719971,0
-10.3328857421875,-3.106389045715332,-4.837440490722656,0
-10.224271774291992,-3.7520999908447266,-3.303739547729492,0
-9.918004035949707,-3.9911866188049316,-2.0517525672912598,0
-8.91164779663086,-3.769744396209717,-1.3188652992248535,0
-6.021984100341797,-3.057115077972412,-1.6222503185272217,0
-1.9714962244033813,-2.3074326515197754,-2.7091920375823975,0
1.3813538551330566,-1.7780404090881348,-4.250448226928711,0
3.1547276973724365,-1.5205535888671875,-6.0907087326049805,0
3.8915419578552246,-1.6584701538085938,-7.863789081573486,0
4.099728107452393,-1.8394660949707031,-9.25349235534668,0
3.965054512023926,-2.108907699584961,-10.066734313964844,0
3.582784652709961,-2.290163993835449,-10.096749305725098,0
3.1839447021484375,-2.295414924621582,-9.313199043273926,0
2.80564022064209,-2.3072056770324707,-7.912412643432617,0
2.4921984672546387,-2.362027168273926,-6.142849922180176,0
2.3472883701324463,-2.462829113006592,-4.2602314949035645,0
2.381403684616089,-2.37099027633667,-2.099461078643799,0
2.5631303787231445,-1.7931365966796875,0.25595223903656006,0
2.826446771621704,-0.5870113372802734,2.6736536026000977,0
2.8348987102508545,0.9373598098754883,5.226813316345215,0
2.5359835624694824,2.2192373275756836,7.504167079925537,0
1.5886363983154297,2.8975982666015625,8.668546676635742,0
0.3791637718677521,2.85455322265625,7.5876569747924805,0
-0.11668360233306885,2.0713634490966797,4.843793869018555,0
-0.19771808385849,1.0529937744140625,1.7956596612930298,0
-0.4384632706642151,0.2839994430541992,-0.8943493366241455,0
-0.5561957359313965,-0.27123355865478516,-2.8656005859375,0
-0.6189900040626526,-0.7945613861083984,-4.41081428527832,0
-0.5837545394897461,-1.2168340682983398,-5.549557209014893,0
-0.48507678508758545,-1.4189319610595703,-6.030683517456055,0
-0.3594205379486084,-1.485276222229004,-5.894583225250244,0
-0.4446382522583008,-1.4069299697875977,-5.484360694885254,0
-0.6819446682929993,-1.4307270050048828,-4.863221168518066,0
-0.9125022888183594,-1.6261873245239258,-4.094792366027832,0
-1.1283791065216064,-1.7686786651611328,-2.928652286529541,0
-1.1952009201049805,-1.9829015731811523,-1.5981085300445557,0
-1.2184730768203735,-2.096794605255127,-0.5120524764060974,0
-1.1200976371765137,-2.148800849914551,0.17553496360778809,0
-0.9417828321456909,-2.2202095985412598,0.5818300247192383,0
-0.6295115947723389,-2.236693859100342,0.6912335753440857,0
-0.3065073490142822,-2.112051010131836,0.8868928551673889,0
0.0692853331565857,-1.9921398162841797,1.0130360126495361,0
0.5186391472816467,-1.876817226409912,0.9905290603637695,0
1.0170115232467651,-1.8640475273132324,0.9918199777603149,0
1.4228456020355225,-1.7217884063720703,0.9152218103408813,0
1.7433446645736694,-1.471787452697754,0.8277833461761475,0
1.95466947555542,-1.1477432250976562,0.7448153495788574,0
1.6931898593902588,-0.6350889205932617,0.7423009872436523,0
1.2533507347106934,0.0036935806274414062,0.7455652356147766,0
0.8437303304672241,0.5102128982543945,0.6460571885108948,0
0.5295931100845337,0.875147819519043,0.5135809183120728,0
0.38594335317611694,1.0485754013061523,0.26148903369903564,0
0.25069141387939453,0.9901790618896484,-0.029941942542791367,0
0.10026401281356812,0.8031101226806641,-0.2516936659812927,0
-0.07237076759338379,0.525792121887207,-0.3592452108860016,0
0.01807457208633423,0.2396831512451172,-0.38179558515548706,0
0.0920669436454773,0.07633495330810547,-0.26697301864624023,0
0.2097477912902832,-0.06003570556640625,-0.12033796310424805,0
0.3067697584629059,-0.24833965301513672,0.13249093294143677,0
0.3352402150630951,-0.5100250244140625,0.44154417514801025,0
0.4148198366165161,-0.6369514465332031,0.7112016677856445,0
0.42333734035491943,-0.715357780456543,0.9847984313964844,0
0.4660148024559021,-0.7620248794555664,1.2000551223754883,0
0.5452464818954468,-0.8510971069335938,1.3640389442443848,0
0.5462609529495239,-0.9227237701416016,1.445451259613037,0
0.5215324759483337,-0.9099903106689453,1.49667227268219,0
0.3652808666229248,-0.7437191009521484,1.5389893054962158,0
0.16567742824554443,-0.5939302444458008,1.5600559711456299,0
-0.07314372062683105,-0.38179779052734375,1.5929747819900513,0
-0.3447335958480835,-0.17206764221191406,1.6281282901763916,0
-0.5710561275482178,-0.022249221801757812,1.7182084321975708,0
-0.6355975866317749,0.246978759765625,1.7725751399993896,0
-0.610749363899231,0.27432823181152344,1.8011000156402588,0
-0.37224602699279785,0.18675613403320312,1.721916675567627,0
0.029568076133728027,0.33823490142822266,1.6136226654052734,0
0.49195611476898193,0.31480979919433594,1.7655634880065918,0
1.0607695579528809,0.2816905975341797,1.9664347171783447,0
1.6808874607086182,0.28427982330322266,2.237474203109741,0
2.2845001220703125,0.41327476501464844,2.645958662033081,0
2.8582797050476074,0.8404321670532227,2.8357372283935547,0
3.357680559158325,1.5674715042114258,2.5442068576812744,0
3.750216484069824,1.9409818649291992,2.114501714706421,0
3.938833236694336,2.3962841033935547,1.3917388916015625,0
4.11148738861084,2.562443733215332,0.6398817896842957,0
4.224827766418457,2.4756975173950195,0.1972302794456482,0
4.403806209564209,2.2632265090942383,-0.09628415107727051,0
4.627812385559082,2.126201629638672,-0.389659583568573,0
4.857298851013184,1.9021329879760742,-0.408443808555603,0
5.143942356109619,1.8998222351074219,-0.24229443073272705,0
5.491815567016602,2.0738372802734375,0.12914448976516724,0
5.92214298248291,2.390838623046875,0.61170893907547,0
6.231423854827881,3.049445152282715,1.0801366567611694,0
6.210971355438232,3.8700599670410156,1.3201587200164795,0
5.787434101104736,4.558279037475586,1.1166479587554932,0
5.216787338256836,4.918044090270996,0.6852841973304749,0
4.526784420013428,4.952000617980957,0.08665305376052856,0
3.9791436195373535,4.715527534484863,-0.23200786113739014,0
3.461723804473877,4.469620704650879,-0.18080195784568787,0
2.9772324562072754,4.087636947631836,0.41761767864227295,0
2.1282644271850586,3.7011566162109375,1.4371699094772339,0
0.680259644985199,3.4773263931274414,2.467907190322876,0
-0.6908897161483765,3.1337499618530273,3.248243808746338,0
-1.7552897930145264,2.785675048828125,3.6555349826812744,0
-2.372243881225586,2.503202438354492,3.705113410949707,0
-2.883983612060547,2.421079635620117,3.520989179611206,0
-3.5328009128570557,2.563809394836426,3.141357183456421,0
-3.9963715076446533,2.817044258117676,2.6762914657592773,0
-4.187042236328125,2.9611024856567383,2.2110657691955566,0
-4.193611145019531,3.0226192474365234,1.7305827140808105,0
-4.01131010055542,2.858095169067383,1.2534739971160889,0
-3.729203701019287,2.594122886657715,0.732994794845581,0
-3.446544647216797,2.2589521408081055,0.1404634714126587,0
-3.170731782913208,1.9954004287719727,-0.42167866230010986,0
-2.953547954559326,1.9365148544311523,-1.098158359527588,0
-2.816315174102783,1.9928455352783203,-1.7183979749679565,0
-2.7274701595306396,2.003493309020996,-2.3134608268737793,0
-2.6168432235717773,2.118762969970703,-2.8167927265167236,0
-2.614825487136841,2.2665491104125977,-3.2219724655151367,0
-2.619638442993164,2.2938079833984375,-3.5186409950256348,0
-2.490865707397461,2.4017629623413086,-3.6728925704956055,0
-2.1693527698516846,2.3565292358398438,-3.663733959197998,0
-1.4517509937286377,2.3215417861938477,-3.374422311782837,0
-0.5675601363182068,2.1133365631103516,-2.960639476776123,0
0.26551002264022827,1.859593391418457,-2.5898711681365967,0
0.9995285272598267,1.4606199264526367,-1.976942539215088,0
1.5122573375701904,1.2205333709716797,-1.2489733695983887,0
1.8901478052139282,0.9021444320678711,-0.39475107192993164,0
2.2445077896118164,0.8852958679199219,0.3916015625,0
2.543740749359131,0.9585094451904297,1.1078550815582275,0
2.6555728912353516,1.0443496704101562,1.6464495658874512,0
2.5886483192443848,1.0654592514038086,1.9139316082000732,0
2.3440656661987305,0.9874258041381836,1.989351749420166,0
1.9698665142059326,0.9125156402587891,1.7281508445739746,0
1.4082159996032715,0.7853603363037109,1.2672901153564453,0
0.8549222946166992,0.5676698684692383,0.6592433452606201,0
0.5443296432495117,0.26676273345947266,-0.029524803161621094,0
0.36897122859954834,0.011892318725585938,-0.6871404647827148,0
0.12532442808151245,-0.2974119186401367,-1.256678819656372,0
-0.09808436036109924,-0.5965023040771484,-1.7195062637329102,0
-0.2917068600654602,-0.901982307434082,-2.1959309577941895,0
-0.41982579231262207,-1.206369400024414,-2.650993824005127,0
-0.5257849097251892,-1.5954608917236328,-3.0233469009399414,0
-0.6598933339118958,-1.8801593780517578,-3.330159902572632,0
-0.8462641835212708,-2.2374110221862793,-3.6627299785614014,0
-1.1161830425262451,-2.6311678886413574,-3.947138547897339,0
-1.3190722465515137,-2.9536051750183105,-4.2627997398376465,0
-1.6109042167663574,-3.3145246505737305,-4.5767974853515625,0
-2.0112948417663574,-3.6586146354675293,-4.863368034362793,0
-2.3559341430664062,-3.961615562438965,-5.147176742553711,0
-2.743680477142334,-4.151515483856201,-5.4168901443481445,0
-3.088918924331665,-4.25457763671875,-5.596317768096924,0
-3.4328410625457764,-4.299509048461914,-5.692866325378418,0
-3.78759765625,-4.231439113616943,-5.649085998535156,0
-4.10567569732666,-4.1271538734436035,-5.5532612800598145,0
-4.296457290649414,-3.931967258453369,-5.311572074890137,0
-4.434210300445557,-3.7108712196350098,-4.923500061035156,0
-4.288615703582764,-3.547980785369873,-4.457849979400635,0
-3.872313976287842,-3.395942211151123,-3.9449899196624756,0
-3.3820183277130127,-3.2983574867248535,-3.3889214992523193,0
-2.995826005935669,-3.215052604675293,-2.8533802032470703,0
-2.6917614936828613,-3.2206411361694336,-2.2632393836975098,0
-2.4724297523498535,-3.303483486175537,-1.7156658172607422,0
-2.3074951171875,-3.3967185020446777,-1.2028696537017822,0
-2.214325189590454,-3.6174569129943848,-0.7797195911407471,0
-2.1955807209014893,-3.881706714630127,-0.44625282287597656,0
-2.1191861629486084,-4.1032304763793945,-0.2168734073638916,0
-2.1108410358428955,-4.260570049285889,-0.019711017608642578,0
-2.0683505535125732,-4.406513214111328,0.2148122787475586,0
-2.1695749759674072,-4.665623664855957,0.4441714286804199,0
-2.2392051219940186,-4.937556743621826,0.7003343105316162,0
-2.1299993991851807,-5.05031681060791,0.9820504188537598,0
-2.18053936958313,-5.5037078857421875,1.2014100551605225,0
-2.1697776317596436,-5.947696208953857,1.3080823421478271,0
-2.1562294960021973,-6.285686492919922,1.2625367641448975,0
-2.080904483795166,-6.502410888671875,1.146803379058838,0
-1.9344534873962402,-6.518249034881592,1.014310359954834,0
-1.635353446006775,-6.327932357788086,0.8228940963745117,0
-1.3048582077026367,-5.785412788391113,0.7271263599395752,0
-0.8082596659660339,-4.876406669616699,0.6280803680419922,0
0.12658117711544037,-3.4429898262023926,0.4478268623352051,0
1.0904783010482788,-1.4322428703308105,0.16910886764526367,0
1.703978419303894,0.9934864044189453,-0.10654735565185547,0
2.0821917057037354,3.7316513061523438,-0.05336785316467285,0
2.4436678886413574,6.842333793640137,0.4383401870727539,0
2.7011590003967285,10.851343154907227,1.5654795169830322,0
3.067107677459717,15.013418197631836,3.24800181388855,0
3.5800280570983887,18.303937911987305,5.291681289672852,0
4.373693466186523,19.809162139892578,7.249354839324951,0
5.028079032897949,18.059619903564453,8.662638664245605,0
4.739163398742676,13.35792350769043,8.872385025024414,0
3.958930492401123,8.751659393310547,8.50257682800293,0
3.223198413848877,5.713613510131836,7.757552146911621,0
2.7769668102264404,3.9286136627197266,6.527618885040283,0
2.3354134559631348,2.893169403076172,4.9414472579956055,0
1.7350242137908936,2.2813615798950195,3.431184768676758,0
0.913635790348053,1.9324150085449219,2.1951370239257812,0
-0.15005844831466675,1.8190441131591797,1.4075195789337158,0
-1.2729849815368652,1.8295612335205078,1.0179188251495361,0
-2.4002087116241455,2.0696487426757812,0.7570607662200928,0
-3.36667537689209,2.324338912963867,0.3465847969055176,0
-4.067615032196045,2.2979421615600586,-0.42809510231018066,0
-4.330603122711182,1.7509126663208008,-1.6903363466262817,0
-4.399345397949219,0.9377841949462891,-3.3470230102539062,0
-4.234358787536621,-0.008055686950683594,-5.107972621917725,0
-4.1613593101501465,-0.5653409957885742,-6.473067283630371,0
-4.222484588623047,-0.8946409225463867,-7.150168418884277,0
-4.5255255699157715,-0.8906974792480469,-7.069659233093262,0
-4.8873372077941895,-0.9276771545410156,-6.240013122558594,0
-5.065933704376221,-1.2122726440429688,-4.724849700927734,0
-4.878582954406738,-1.5168523788452148,-3.168098211288452,0
-4.339659690856934,-1.6920828819274902,-2.1162219047546387,0
-3.528592348098755,-1.786303997039795,-1.7321181297302246,0
-2.6174697875976562,-1.7514305114746094,-2.052788257598877,0
-1.3201340436935425,-1.7159614562988281,-3.071819305419922,0
-0.07440134882926941,-1.8679065704345703,-4.286285877227783,0
0.8675843477249146,-2.127378463745117,-5.325179100036621,0
1.4150211811065674,-2.3646116256713867,-5.960520267486572,0
1.6309481859207153,-2.5745673179626465,-6.262324333190918,0
1.5748074054718018,-2.5897598266601562,-6.227720737457275,0
1.415106177330017,-2.4941906929016113,-5.8665266036987305,0
1.1404950618743896,-2.379171371459961,-5.13403844833374,0
0.9029501676559448,-2.07547664642334,-4.206275939941406,0
0.3837209641933441,-1.7873668670654297,-3.011164665222168,0
-0.5592115521430969,-1.2624244689941406,-1.772298812866211,0
-1.570441722869873,-0.6719818115234375,-0.6576590538024902,0
-2.5052523612976074,-0.08697986602783203,0.4382956027984619,0
-3.434217929840088,0.6271390914916992,1.865756630897522,0
-4.086105823516846,1.5166425704956055,3.128849744796753,0
-4.44777250289917,2.4375619888305664,3.555446147918701,0
-4.076838970184326,2.9318532943725586,2.843985080718994,0
-3.2938244342803955,2.698288917541504,1.358681082725525,0
-2.201317071914673,1.9812507629394531,-0.35408008098602295,0
-0.8729902505874634,1.2348213195800781,-1.8509405851364136,0
0.464303195476532,0.6775722503662109,-2.852418899536133,0
1.533355951309204,0.2642860412597656,-3.5276341438293457,0
1.992029070854187,-0.060179710388183594,-3.9962029457092285,0
2.27069091796875,-0.23880958557128906,-4.1865363121032715,0
2.3569211959838867,-0.47069740295410156,-4.189251899719238,0
2.4428462982177734,-0.5936117172241211,-3.948899984359741,0
2.549410104751587,-0.6199579238891602,-3.5523157119750977,0
2.6168487071990967,-0.6887245178222656,-3.0888168811798096,0
2.4700992107391357,-0.790492057800293,-2.585609197616577,0
2.258929967880249,-0.8680744171142578,-1.995779037475586,0
2.1594274044036865,-1.0173816680908203,-1.0116817951202393,0
1.9215441942214966,-1.2241535186767578,0.08490455150604248,0
1.5501980781555176,-1.335371971130371,0.831409215927124,0
0.979882001876831,-1.427638053894043,1.1679672002792358,0
0.5877159237861633,-1.4577436447143555,1.0425167083740234,0
0.38019630312919617,-1.5618047714233398,0.6342796683311462,0
0.2441539466381073,-1.6151914596557617,0.3254249095916748,0
0.09063184261322021,-1.5986833572387695,0.03604936599731445,0
0.056202828884124756,-1.610306739807129,-0.1765384078025818,0
0.10294252634048462,-1.5973939895629883,-0.2634797692298889,0
0.10900729894638062,-1.5146160125732422,-0.17654812335968018,0
0.07906562089920044,-1.3645820617675781,0.10987415909767151,0
0.029566049575805664,-1.1116399765014648,0.42595914006233215,0
-0.03995096683502197,-0.8445005416870117,0.6088914275169373,0
-0.017184197902679443,-0.6110210418701172,0.5834069848060608,0
0.023668289184570312,-0.45896148681640625,0.3836680054664612,0
0.09193295240402222,-0.2997283935546875,0.11487007141113281,0
0.21141088008880615,-0.17393875122070312,-0.09433502703905106,0
0.41572779417037964,-0.11975479125976562,-0.27102750539779663,0
0.620938777923584,-0.08446598052978516,-0.3319602310657501,0
0.5392770171165466,0.015582084655761719,-0.3087640106678009,0
0.6057422161102295,0.08940315246582031,-0.18993163108825684,0
0.7315728068351746,0.12027931213378906,-0.0426488034427166,0
0.9671768546104431,0.09155082702636719,0.09488753974437714,0
1.0926403999328613,-0.015817642211914062,0.2467370629310608,0
1.196750283241272,-0.1706228256225586,0.3746243417263031,0
1.3108583688735962,-0.2866983413696289,0.476132333278656,0
1.3803033828735352,-0.4549112319946289,0.5632764101028442,0
1.4220906496047974,-0.6440811157226562,0.6982598900794983,0
1.441374659538269,-0.7919645309448242,0.8069139719009399,0
1.5032212734222412,-0.9678859710693359,0.9035279750823975,0
1.5600732564926147,-1.107203483581543,0.9520834684371948,0
1.5308562517166138,-1.0664472579956055,0.9885411858558655,0
1.338853120803833,-1.0825653076171875,1.0848338603973389,0
1.1128413677215576,-0.9809761047363281,1.2170825004577637,0
0.8161576390266418,-0.7140960693359375,1.4067013263702393,0
0.6038566827774048,-0.24155139923095703,1.5935721397399902,0
0.5904289484024048,0.18765926361083984,1.7889442443847656,0
0.5601540803909302,0.46825408935546875,1.9534213542938232,0
0.44319474697113037,0.6026105880737305,2.073664665222168,0
0.4736666679382324,0.5907068252563477,2.1482651233673096,0
0.6657746434211731,0.4230318069458008,2.164198637008667,0
0.766034722328186,0.2264566421508789,2.109252691268921,0
0.9035521149635315,0.0296783447265625,2.024517774581909,0
0.9918316602706909,-0.01430511474609375,1.8677371740341187,0
1.1239924430847168,0.0704050064086914,1.6277337074279785,0
1.3498215675354004,0.17360401153564453,1.4030473232269287,0
1.608717679977417,0.3692960739135742,1.2563600540161133,0
2.0143544673919678,0.7552728652954102,1.3320934772491455,0
2.513115406036377,1.2092399597167969,1.4371488094329834,0
3.013153314590454,1.558786392211914,1.301509141921997,0
3.351010799407959,1.724961280822754,0.97573322057724,0
3.7008233070373535,1.6720342636108398,0.6995469331741333,0
3.9812047481536865,1.486353874206543,0.34628158807754517,0
4.110752105712891,1.3449983596801758,-0.038863420486450195,0
4.144615650177002,1.1785640716552734,-0.40143221616744995,0
4.130829811096191,1.1855974197387695,-0.5863816738128662,0
4.280466556549072,1.3421459197998047,-0.651419997215271,0
4.472496032714844,1.657862663269043,-0.5943354964256287,0
4.631929874420166,2.159205436706543,-0.3601386547088623,0
4.8614091873168945,2.8702516555786133,-0.12877804040908813,0
5.155877590179443,3.681077003479004,0.048446446657180786,0
5.218336582183838,4.278554916381836,-0.05280312895774841,0
5.079028129577637,4.631960868835449,-0.294066846370697,0
4.848542213439941,4.6435956954956055,-0.6588412523269653,0
4.468851089477539,4.564963340759277,-0.7922747135162354,0
3.9402384757995605,4.443952560424805,-0.5841284990310669,0
2.3897271156311035,4.304181098937988,0.09674859046936035,0
0.8181612491607666,4.073678016662598,1.0566599369049072,0
-0.35356605052948,3.5708541870117188,2.081969738006592,0
-1.3772757053375244,2.9876480102539062,3.02213978767395,0
-2.1174588203430176,2.537602424621582,3.6749472618103027,0
-2.570927143096924,2.2932119369506836,3.927990674972534,0
-2.910921573638916,2.269577980041504,3.7819840908050537,0
-3.124227285385132,2.3812122344970703,3.3639841079711914,0
-3.260923385620117,2.6021556854248047,2.793341636657715,0
-3.3433706760406494,2.839158058166504,2.176182746887207,0
-3.4134814739227295,2.9509096145629883,1.6407204866409302,0
-3.3432042598724365,2.8821191787719727,1.1905590295791626,0
-3.2756075859069824,2.7161569595336914,0.7276047468185425,0
-3.3409993648529053,2.4764280319213867,0.25344955921173096,0
-3.5224568843841553,2.3560943603515625,-0.2453674077987671,0
-3.6621665954589844,2.241787910461426,-0.7144205570220947,0
-3.8774232864379883,2.4456233978271484,-1.2156492471694946,0
-3.965027093887329,2.81778621673584,-1.7226693630218506,0
-4.171505928039551,2.916863441467285,-2.21870493888855,0
-4.271439075469971,2.81156063079834,-2.4225337505340576,0
-4.119819641113281,2.7193851470947266,-2.6099705696105957,0
-3.246840000152588,2.3967933654785156,-2.7928175926208496,0
-2.307140827178955,2.098398208618164,-3.094198703765869,0
-1.5253252983093262,1.7655820846557617,-3.3701348304748535,0
-0.7551966905593872,1.4641523361206055,-3.486083984375,0
0.0060286372900009155,1.4008541107177734,-3.5247955322265625,0
0.7253344655036926,1.3660306930541992,-3.4703798294067383,0
1.360255479812622,1.3772802352905273,-3.4209845066070557,0
1.8154761791229248,1.3632850646972656,-3.116853713989258,0
2.282968044281006,1.29290771484375,-2.741456985473633,0
2.582920551300049,1.1538314819335938,-2.19724702835083,0
2.668808937072754,0.9407854080200195,-1.6566075086593628,0
2.6238436698913574,0.7966499328613281,-1.0572545528411865,0
2.647728681564331,0.7107505798339844,-0.32211804389953613,0
2.5853302478790283,0.7034273147583008,0.05865073204040527,0
2.1497104167938232,0.6518211364746094,0.1466660499572754,0
1.4673683643341064,0.3854656219482422,0.15852975845336914,0
0.9418603777885437,0.2651853561401367,-0.003438711166381836,0
0.1854652762413025,0.34310245513916016,-0.18406891822814941,0
-0.4807177782058716,0.16224288940429688,-0.32488346099853516,0
-0.9314359426498413,0.01716136932373047,-0.6566953659057617,0
-1.2393689155578613,-0.24010086059570312,-0.9628415107727051,0
-1.5591495037078857,-0.6928129196166992,-1.2726941108703613,0
-1.7995741367340088,-1.0679035186767578,-1.5339140892028809,0
-1.978918433189392,-1.3747954368591309,-1.8305714130401611,0
-2.110637903213501,-1.8308086395263672,-2.2277255058288574,0
-2.21028733253479,-2.1773180961608887,-2.6059069633483887,0
-2.2719688415527344,-2.564906120300293,-2.979647397994995,0
-2.2875008583068848,-2.969388008117676,-3.2965376377105713,0
-2.3275957107543945,-3.3092269897460938,-3.6596643924713135,0
-2.261979579925537,-3.5316123962402344,-4.0262837409973145,0
-2.1610631942749023,-3.784696102142334,-4.4517292976379395,0
-2.0753743648529053,-3.872213840484619,-4.84535026550293,0
-1.9929401874542236,-4.002255916595459,-5.140549659729004,0
-2.0020132064819336,-4.117344856262207,-5.332795143127441,0
-2.0183753967285156,-4.196029186248779,-5.3193511962890625,0
-2.0365161895751953,-4.374883651733398,-5.028378009796143,0
-2.081629753112793,-4.53710412979126,-4.633944988250732,0
-2.113935947418213,-4.492274761199951,-3.9864144325256348,0
-2.301910400390625,-4.189077854156494,-3.146341323852539,0
-2.431471824645996,-3.9276719093322754,-2.217381477355957,0
-2.6762614250183105,-3.541297435760498,-1.456660270690918,0
-2.877959966659546,-3.3844151496887207,-0.7124171257019043,0
-3.0655994415283203,-3.3469061851501465,-0.12036323547363281,0
-3.308642625808716,-3.512260913848877,0.331801176071167,0
-3.3747525215148926,-3.6792807579040527,0.7112219333648682,0
-3.5763344764709473,-3.8310513496398926,1.029679298400879,0
-3.3734421730041504,-4.166001796722412,1.3254477977752686,0
-2.9638209342956543,-4.368045330047607,1.409449577331543,0
-2.697190761566162,-4.565783977508545,1.2165961265563965,0
-2.719409227371216,-4.86790132522583,0.6401393413543701,0
-3.4382150173187256,-5.124467372894287,-0.1927814483642578,0
-4.283552169799805,-5.336864948272705,-0.8056581020355225,0
-4.854047775268555,-5.296474456787109,-1.32474684715271,0
-4.9997477531433105,-5.022593975067139,-1.555038571357727,0
-4.677143573760986,-4.81915807723999,-1.5622806549072266,0
-4.489845275878906,-4.499307155609131,-1.649192452430725,0
-4.401426792144775,-3.9911646842956543,-1.6922672986984253,0
-4.239937782287598,-3.4023537635803223,-1.6323713064193726,0
-4.222103118896484,-2.36468505859375,-1.3668135404586792,0
-3.7524776458740234,-0.9935188293457031,-0.9505594968795776,0
-2.997164011001587,0.4500417709350586,-0.4051673412322998,0
-2.0985984802246094,1.9062366485595703,0.08191585540771484,0
-1.3201968669891357,3.635695457458496,0.6557643413543701,0
-0.43908751010894775,5.444403648376465,1.4204037189483643,0
0.2765601873397827,7.45173454284668,2.1906111240386963,0
1.108557939529419,9.458690643310547,3.2938477993011475,0
1.7545181512832642,10.90799617767334,4.126628875732422,0
2.4568941593170166,11.65452766418457,4.511630058288574,0
3.339498519897461,11.251863479614258,4.916478157043457,0
4.268390655517578,9.04361629486084,5.36687707901001,0
4.916481018066406,6.224781036376953,5.807817459106445,0
5.499566078186035,3.787724494934082,6.05363655090332,0
6.024552822113037,1.9653091430664062,6.199337005615234,0
6.358539581298828,0.7510671615600586,6.071348190307617,0
5.923505783081055,0.17727088928222656,5.604443550109863,0
4.873814105987549,0.020725250244140625,4.782288551330566,0
3.8540773391723633,0.1402111053466797,3.54892897605896,0
2.6810302734375,0.3829212188720703,2.194553852081299,0
1.4710452556610107,0.8926143646240234,0.9281609058380127,0
0.21902573108673096,1.7241535186767578,-0.05019664764404297,0
-1.1825652122497559,2.925013542175293,-0.9227297306060791,0
-2.538874387741089,4.205278396606445,-1.698629379272461,0
-3.4485931396484375,5.000288963317871,-2.525393009185791,0
-4.02681303024292,5.857946395874023,-3.2562403678894043,0
-4.232872009277344,6.261653900146484,-3.6833815574645996,0
-4.428947448730469,6.475349426269531,-3.6056017875671387,0
-4.686772346496582,6.370944023132324,-3.0078771114349365,0
-4.856788635253906,6.083939552307129,-2.3315446376800537,0
-4.945918560028076,5.4365692138671875,-1.879616379737854,0
-4.764265537261963,4.145483016967773,-1.5142379999160767,0
-4.290642738342285,1.9405107498168945,-0.8748492002487183,0
-3.4184207916259766,-0.4163703918457031,-0.04777371883392334,0
-2.0262978076934814,-2.2021989822387695,0.4777475595474243,0
-0.4263599216938019,-3.5574111938476562,0.48451006412506104,0
0.8862885236740112,-4.645445346832275,-0.02544105052947998,0
1.67751145362854,-5.344296455383301,-1.0436348915100098,0
1.8678326606750488,-5.641526699066162,-2.564399242401123,0
1.6375559568405151,-5.732633590698242,-4.19781494140625,0
1.0870709419250488,-5.650461196899414,-5.596882343292236,0
0.46742168068885803,-5.380246162414551,-6.550337791442871,0
-0.05185775086283684,-5.043792247772217,-6.920063018798828,0
-0.5859342217445374,-4.519125938415527,-6.63593864440918,0
-1.239630937576294,-3.7635278701782227,-5.727071285247803,0
-1.9592890739440918,-2.6986045837402344,-4.14017915725708,0
-2.7344565391540527,-1.3514442443847656,-2.052774429321289,0
-3.6405935287475586,0.06634521484375,0.6472644805908203,0
-4.3688645362854,1.5940876007080078,3.4999802112579346,0
-4.932883262634277,2.977017402648926,5.526261329650879,0
-5.058678150177002,4.056976318359375,5.832753658294678,0
-4.597545623779297,4.506799697875977,4.956232070922852,0
-3.723149538040161,4.373008728027344,3.5868709087371826,0
-2.6433396339416504,3.6878786087036133,1.9948753118515015,0
-1.4514790773391724,2.7060909271240234,0.3210493326187134,0
-0.21086284518241882,1.6987781524658203,-1.2795400619506836,0
0.8265632390975952,0.745396614074707,-2.7354509830474854,0
1.5950560569763184,0.054327964782714844,-4.0110015869140625,0
2.025636672973633,-0.45572853088378906,-4.9723920822143555,0
2.147095203399658,-0.7129955291748047,-5.71542501449585,0
2.2105014324188232,-0.6005048751831055,-6.016890048980713,0
1.9208234548568726,-0.2765674591064453,-5.815450191497803,0
0.8331617116928101,0.3011808395385742,-5.042865753173828,0
-1.0222899913787842,0.6848154067993164,-4.00339412689209,0
-1.9276044368743896,0.377197265625,-3.858096122741699,0
0.16587921977043152,-0.1742534637451172,-1.7127931118011475,0
2.141556978225708,-0.45090484619140625,0.22360503673553467,0
2.2536239624023438,-0.6779394149780273,0.732061505317688,0
1.3176454305648804,-0.9628190994262695,0.5056746006011963,0
0.6107991933822632,-1.0734033584594727,0.40974557399749756,0
0.14962229132652283,-1.0815258026123047,0.5125455856323242,0
-0.14247962832450867,-1.1520938873291016,0.6043103933334351,0
-0.35416460037231445,-1.2680635452270508,0.7192189693450928,0
-0.747236430644989,-1.2999677658081055,0.66606605052948,0
-1.268528699874878,-1.40057373046875,0.11438894271850586,0
-1.7547848224639893,-1.3017349243164062,-0.7247632145881653,0
